[0.000000] (-) TimerEvent: {}
[0.000145] (cpp_parameter_showcase) JobQueued: {'identifier': 'cpp_parameter_showcase', 'dependencies': OrderedDict()}
[0.000173] (cpp_pubsub) JobQueued: {'identifier': 'cpp_pubsub', 'dependencies': OrderedDict()}
[0.000186] (custom_msg_demo) JobQueued: {'identifier': 'custom_msg_demo', 'dependencies': OrderedDict()}
[0.000197] (custom_srv_demo) JobQueued: {'identifier': 'custom_srv_demo', 'dependencies': OrderedDict()}
[0.000207] (cpp_parameter_showcase) JobStarted: {'identifier': 'cpp_parameter_showcase'}
[0.022821] (cpp_pubsub) JobStarted: {'identifier': 'cpp_pubsub'}
[0.028998] (custom_msg_demo) JobStarted: {'identifier': 'custom_msg_demo'}
[0.034751] (custom_srv_demo) JobStarted: {'identifier': 'custom_srv_demo'}
[0.041873] (cpp_parameter_showcase) JobProgress: {'identifier': 'cpp_parameter_showcase', 'progress': 'cmake'}
[0.044305] (cpp_parameter_showcase) Command: {'cmd': ['/usr/bin/cmake', '/home/robotics/colcon_ws/src/cpp_parameter_showcase', '-DCMAKE_INSTALL_PREFIX=/home/robotics/colcon_ws/install/cpp_parameter_showcase'], 'cwd': '/home/robotics/colcon_ws/build/cpp_parameter_showcase', 'env': OrderedDict([('TMUX', '/tmp/tmux-1001/default,34,1'), ('HOSTNAME', 'OrdiJean'), ('SHLVL', '2'), ('LD_LIBRARY_PATH', '/usr/lib/x86_64-linux-gnu/gazebo-11/plugins:/opt/ros/humble/opt/rviz_ogre_vendor/lib:/opt/ros/humble/lib/x86_64-linux-gnu:/opt/ros/humble/lib'), ('HOME', '/home/robotics'), ('OLDPWD', '/home/robotics/colcon_ws/src'), ('TERM_PROGRAM_VERSION', '3.2a'), ('ROS_PYTHON_VERSION', '3'), ('ROS_DISTRO', 'humble'), ('IGN_GAZEBO_MODEL_PATH', '/opt/ros/humble/share'), ('_', '/usr/bin/colcon'), ('ROS_VERSION', '2'), ('TERM', 'screen'), ('GAZEBO_MODEL_PATH', '/opt/ros/humble/share'), ('ROS_LOCALHOST_ONLY', '0'), ('QT_X11_NO_MITSHM', '1'), ('PATH', '/opt/ros/humble/bin:/usr/local/sbin:/usr/local/bin:/usr/sbin:/usr/bin:/sbin:/bin'), ('DISPLAY', ':0'), ('LANG', 'C.UTF-8'), ('LS_COLORS', 'rs=0:di=01;34:ln=01;36:mh=00:pi=40;33:so=01;35:do=01;35:bd=40;33;01:cd=40;33;01:or=40;31;01:mi=00:su=37;41:sg=30;43:ca=30;41:tw=30;42:ow=34;42:st=37;44:ex=01;32:*.tar=01;31:*.tgz=01;31:*.arc=01;31:*.arj=01;31:*.taz=01;31:*.lha=01;31:*.lz4=01;31:*.lzh=01;31:*.lzma=01;31:*.tlz=01;31:*.txz=01;31:*.tzo=01;31:*.t7z=01;31:*.zip=01;31:*.z=01;31:*.dz=01;31:*.gz=01;31:*.lrz=01;31:*.lz=01;31:*.lzo=01;31:*.xz=01;31:*.zst=01;31:*.tzst=01;31:*.bz2=01;31:*.bz=01;31:*.tbz=01;31:*.tbz2=01;31:*.tz=01;31:*.deb=01;31:*.rpm=01;31:*.jar=01;31:*.war=01;31:*.ear=01;31:*.sar=01;31:*.rar=01;31:*.alz=01;31:*.ace=01;31:*.zoo=01;31:*.cpio=01;31:*.7z=01;31:*.rz=01;31:*.cab=01;31:*.wim=01;31:*.swm=01;31:*.dwm=01;31:*.esd=01;31:*.jpg=01;35:*.jpeg=01;35:*.mjpg=01;35:*.mjpeg=01;35:*.gif=01;35:*.bmp=01;35:*.pbm=01;35:*.pgm=01;35:*.ppm=01;35:*.tga=01;35:*.xbm=01;35:*.xpm=01;35:*.tif=01;35:*.tiff=01;35:*.png=01;35:*.svg=01;35:*.svgz=01;35:*.mng=01;35:*.pcx=01;35:*.mov=01;35:*.mpg=01;35:*.mpeg=01;35:*.m2v=01;35:*.mkv=01;35:*.webm=01;35:*.webp=01;35:*.ogm=01;35:*.mp4=01;35:*.m4v=01;35:*.mp4v=01;35:*.vob=01;35:*.qt=01;35:*.nuv=01;35:*.wmv=01;35:*.asf=01;35:*.rm=01;35:*.rmvb=01;35:*.flc=01;35:*.avi=01;35:*.fli=01;35:*.flv=01;35:*.gl=01;35:*.dl=01;35:*.xcf=01;35:*.xwd=01;35:*.yuv=01;35:*.cgm=01;35:*.emf=01;35:*.ogv=01;35:*.ogx=01;35:*.aac=00;36:*.au=00;36:*.flac=00;36:*.m4a=00;36:*.mid=00;36:*.midi=00;36:*.mka=00;36:*.mp3=00;36:*.mpc=00;36:*.ogg=00;36:*.ra=00;36:*.wav=00;36:*.oga=00;36:*.opus=00;36:*.spx=00;36:*.xspf=00;36:'), ('TERM_PROGRAM', 'tmux'), ('AMENT_PREFIX_PATH', '/opt/ros/humble'), ('DEBIAN_FRONTEND', 'noninteractive'), ('SHELL', '/bin/bash'), ('IGN_GAZEBO_RESOURCE_PATH', '/opt/ros/humble/share'), ('GAZEBO_RESOURCE_PATH', '/opt/ros/humble/share'), ('PWD', '/home/robotics/colcon_ws/build/cpp_parameter_showcase'), ('LC_ALL', 'C.UTF-8'), ('PYTHONPATH', '/opt/ros/humble/lib/python3.10/site-packages:/opt/ros/humble/local/lib/python3.10/dist-packages'), ('COLCON', '1'), ('TMUX_PANE', '%3'), ('CMAKE_PREFIX_PATH', '/opt/ros/humble')]), 'shell': False}
[0.050004] (cpp_pubsub) JobProgress: {'identifier': 'cpp_pubsub', 'progress': 'cmake'}
[0.051469] (cpp_pubsub) JobProgress: {'identifier': 'cpp_pubsub', 'progress': 'build'}
[0.052100] (cpp_pubsub) Command: {'cmd': ['/usr/bin/cmake', '--build', '/home/robotics/colcon_ws/build/cpp_pubsub', '--', '-j8', '-l8'], 'cwd': '/home/robotics/colcon_ws/build/cpp_pubsub', 'env': OrderedDict([('TMUX', '/tmp/tmux-1001/default,34,1'), ('HOSTNAME', 'OrdiJean'), ('SHLVL', '2'), ('LD_LIBRARY_PATH', '/usr/lib/x86_64-linux-gnu/gazebo-11/plugins:/opt/ros/humble/opt/rviz_ogre_vendor/lib:/opt/ros/humble/lib/x86_64-linux-gnu:/opt/ros/humble/lib'), ('HOME', '/home/robotics'), ('OLDPWD', '/home/robotics/colcon_ws/src'), ('TERM_PROGRAM_VERSION', '3.2a'), ('ROS_PYTHON_VERSION', '3'), ('ROS_DISTRO', 'humble'), ('IGN_GAZEBO_MODEL_PATH', '/opt/ros/humble/share'), ('_', '/usr/bin/colcon'), ('ROS_VERSION', '2'), ('TERM', 'screen'), ('GAZEBO_MODEL_PATH', '/opt/ros/humble/share'), ('ROS_LOCALHOST_ONLY', '0'), ('QT_X11_NO_MITSHM', '1'), ('PATH', '/opt/ros/humble/bin:/usr/local/sbin:/usr/local/bin:/usr/sbin:/usr/bin:/sbin:/bin'), ('DISPLAY', ':0'), ('LANG', 'C.UTF-8'), ('LS_COLORS', 'rs=0:di=01;34:ln=01;36:mh=00:pi=40;33:so=01;35:do=01;35:bd=40;33;01:cd=40;33;01:or=40;31;01:mi=00:su=37;41:sg=30;43:ca=30;41:tw=30;42:ow=34;42:st=37;44:ex=01;32:*.tar=01;31:*.tgz=01;31:*.arc=01;31:*.arj=01;31:*.taz=01;31:*.lha=01;31:*.lz4=01;31:*.lzh=01;31:*.lzma=01;31:*.tlz=01;31:*.txz=01;31:*.tzo=01;31:*.t7z=01;31:*.zip=01;31:*.z=01;31:*.dz=01;31:*.gz=01;31:*.lrz=01;31:*.lz=01;31:*.lzo=01;31:*.xz=01;31:*.zst=01;31:*.tzst=01;31:*.bz2=01;31:*.bz=01;31:*.tbz=01;31:*.tbz2=01;31:*.tz=01;31:*.deb=01;31:*.rpm=01;31:*.jar=01;31:*.war=01;31:*.ear=01;31:*.sar=01;31:*.rar=01;31:*.alz=01;31:*.ace=01;31:*.zoo=01;31:*.cpio=01;31:*.7z=01;31:*.rz=01;31:*.cab=01;31:*.wim=01;31:*.swm=01;31:*.dwm=01;31:*.esd=01;31:*.jpg=01;35:*.jpeg=01;35:*.mjpg=01;35:*.mjpeg=01;35:*.gif=01;35:*.bmp=01;35:*.pbm=01;35:*.pgm=01;35:*.ppm=01;35:*.tga=01;35:*.xbm=01;35:*.xpm=01;35:*.tif=01;35:*.tiff=01;35:*.png=01;35:*.svg=01;35:*.svgz=01;35:*.mng=01;35:*.pcx=01;35:*.mov=01;35:*.mpg=01;35:*.mpeg=01;35:*.m2v=01;35:*.mkv=01;35:*.webm=01;35:*.webp=01;35:*.ogm=01;35:*.mp4=01;35:*.m4v=01;35:*.mp4v=01;35:*.vob=01;35:*.qt=01;35:*.nuv=01;35:*.wmv=01;35:*.asf=01;35:*.rm=01;35:*.rmvb=01;35:*.flc=01;35:*.avi=01;35:*.fli=01;35:*.flv=01;35:*.gl=01;35:*.dl=01;35:*.xcf=01;35:*.xwd=01;35:*.yuv=01;35:*.cgm=01;35:*.emf=01;35:*.ogv=01;35:*.ogx=01;35:*.aac=00;36:*.au=00;36:*.flac=00;36:*.m4a=00;36:*.mid=00;36:*.midi=00;36:*.mka=00;36:*.mp3=00;36:*.mpc=00;36:*.ogg=00;36:*.ra=00;36:*.wav=00;36:*.oga=00;36:*.opus=00;36:*.spx=00;36:*.xspf=00;36:'), ('TERM_PROGRAM', 'tmux'), ('AMENT_PREFIX_PATH', '/opt/ros/humble'), ('DEBIAN_FRONTEND', 'noninteractive'), ('SHELL', '/bin/bash'), ('IGN_GAZEBO_RESOURCE_PATH', '/opt/ros/humble/share'), ('GAZEBO_RESOURCE_PATH', '/opt/ros/humble/share'), ('PWD', '/home/robotics/colcon_ws/build/cpp_pubsub'), ('LC_ALL', 'C.UTF-8'), ('PYTHONPATH', '/opt/ros/humble/lib/python3.10/site-packages:/opt/ros/humble/local/lib/python3.10/dist-packages'), ('COLCON', '1'), ('TMUX_PANE', '%3'), ('CMAKE_PREFIX_PATH', '/opt/ros/humble')]), 'shell': False}
[0.054721] (custom_msg_demo) JobProgress: {'identifier': 'custom_msg_demo', 'progress': 'cmake'}
[0.056118] (custom_msg_demo) JobProgress: {'identifier': 'custom_msg_demo', 'progress': 'build'}
[0.056498] (custom_msg_demo) Command: {'cmd': ['/usr/bin/cmake', '--build', '/home/robotics/colcon_ws/build/custom_msg_demo', '--', '-j8', '-l8'], 'cwd': '/home/robotics/colcon_ws/build/custom_msg_demo', 'env': OrderedDict([('TMUX', '/tmp/tmux-1001/default,34,1'), ('HOSTNAME', 'OrdiJean'), ('SHLVL', '2'), ('LD_LIBRARY_PATH', '/usr/lib/x86_64-linux-gnu/gazebo-11/plugins:/opt/ros/humble/opt/rviz_ogre_vendor/lib:/opt/ros/humble/lib/x86_64-linux-gnu:/opt/ros/humble/lib'), ('HOME', '/home/robotics'), ('OLDPWD', '/home/robotics/colcon_ws/src'), ('TERM_PROGRAM_VERSION', '3.2a'), ('ROS_PYTHON_VERSION', '3'), ('ROS_DISTRO', 'humble'), ('IGN_GAZEBO_MODEL_PATH', '/opt/ros/humble/share'), ('_', '/usr/bin/colcon'), ('ROS_VERSION', '2'), ('TERM', 'screen'), ('GAZEBO_MODEL_PATH', '/opt/ros/humble/share'), ('ROS_LOCALHOST_ONLY', '0'), ('QT_X11_NO_MITSHM', '1'), ('PATH', '/opt/ros/humble/bin:/usr/local/sbin:/usr/local/bin:/usr/sbin:/usr/bin:/sbin:/bin'), ('DISPLAY', ':0'), ('LANG', 'C.UTF-8'), ('LS_COLORS', 'rs=0:di=01;34:ln=01;36:mh=00:pi=40;33:so=01;35:do=01;35:bd=40;33;01:cd=40;33;01:or=40;31;01:mi=00:su=37;41:sg=30;43:ca=30;41:tw=30;42:ow=34;42:st=37;44:ex=01;32:*.tar=01;31:*.tgz=01;31:*.arc=01;31:*.arj=01;31:*.taz=01;31:*.lha=01;31:*.lz4=01;31:*.lzh=01;31:*.lzma=01;31:*.tlz=01;31:*.txz=01;31:*.tzo=01;31:*.t7z=01;31:*.zip=01;31:*.z=01;31:*.dz=01;31:*.gz=01;31:*.lrz=01;31:*.lz=01;31:*.lzo=01;31:*.xz=01;31:*.zst=01;31:*.tzst=01;31:*.bz2=01;31:*.bz=01;31:*.tbz=01;31:*.tbz2=01;31:*.tz=01;31:*.deb=01;31:*.rpm=01;31:*.jar=01;31:*.war=01;31:*.ear=01;31:*.sar=01;31:*.rar=01;31:*.alz=01;31:*.ace=01;31:*.zoo=01;31:*.cpio=01;31:*.7z=01;31:*.rz=01;31:*.cab=01;31:*.wim=01;31:*.swm=01;31:*.dwm=01;31:*.esd=01;31:*.jpg=01;35:*.jpeg=01;35:*.mjpg=01;35:*.mjpeg=01;35:*.gif=01;35:*.bmp=01;35:*.pbm=01;35:*.pgm=01;35:*.ppm=01;35:*.tga=01;35:*.xbm=01;35:*.xpm=01;35:*.tif=01;35:*.tiff=01;35:*.png=01;35:*.svg=01;35:*.svgz=01;35:*.mng=01;35:*.pcx=01;35:*.mov=01;35:*.mpg=01;35:*.mpeg=01;35:*.m2v=01;35:*.mkv=01;35:*.webm=01;35:*.webp=01;35:*.ogm=01;35:*.mp4=01;35:*.m4v=01;35:*.mp4v=01;35:*.vob=01;35:*.qt=01;35:*.nuv=01;35:*.wmv=01;35:*.asf=01;35:*.rm=01;35:*.rmvb=01;35:*.flc=01;35:*.avi=01;35:*.fli=01;35:*.flv=01;35:*.gl=01;35:*.dl=01;35:*.xcf=01;35:*.xwd=01;35:*.yuv=01;35:*.cgm=01;35:*.emf=01;35:*.ogv=01;35:*.ogx=01;35:*.aac=00;36:*.au=00;36:*.flac=00;36:*.m4a=00;36:*.mid=00;36:*.midi=00;36:*.mka=00;36:*.mp3=00;36:*.mpc=00;36:*.ogg=00;36:*.ra=00;36:*.wav=00;36:*.oga=00;36:*.opus=00;36:*.spx=00;36:*.xspf=00;36:'), ('TERM_PROGRAM', 'tmux'), ('AMENT_PREFIX_PATH', '/opt/ros/humble'), ('DEBIAN_FRONTEND', 'noninteractive'), ('SHELL', '/bin/bash'), ('IGN_GAZEBO_RESOURCE_PATH', '/opt/ros/humble/share'), ('GAZEBO_RESOURCE_PATH', '/opt/ros/humble/share'), ('PWD', '/home/robotics/colcon_ws/build/custom_msg_demo'), ('LC_ALL', 'C.UTF-8'), ('PYTHONPATH', '/opt/ros/humble/lib/python3.10/site-packages:/opt/ros/humble/local/lib/python3.10/dist-packages'), ('COLCON', '1'), ('TMUX_PANE', '%3'), ('CMAKE_PREFIX_PATH', '/opt/ros/humble')]), 'shell': False}
[0.062394] (custom_srv_demo) JobProgress: {'identifier': 'custom_srv_demo', 'progress': 'cmake'}
[0.063732] (custom_srv_demo) JobProgress: {'identifier': 'custom_srv_demo', 'progress': 'build'}
[0.065124] (custom_srv_demo) Command: {'cmd': ['/usr/bin/cmake', '--build', '/home/robotics/colcon_ws/build/custom_srv_demo', '--', '-j8', '-l8'], 'cwd': '/home/robotics/colcon_ws/build/custom_srv_demo', 'env': OrderedDict([('TMUX', '/tmp/tmux-1001/default,34,1'), ('HOSTNAME', 'OrdiJean'), ('SHLVL', '2'), ('LD_LIBRARY_PATH', '/usr/lib/x86_64-linux-gnu/gazebo-11/plugins:/opt/ros/humble/opt/rviz_ogre_vendor/lib:/opt/ros/humble/lib/x86_64-linux-gnu:/opt/ros/humble/lib'), ('HOME', '/home/robotics'), ('OLDPWD', '/home/robotics/colcon_ws/src'), ('TERM_PROGRAM_VERSION', '3.2a'), ('ROS_PYTHON_VERSION', '3'), ('ROS_DISTRO', 'humble'), ('IGN_GAZEBO_MODEL_PATH', '/opt/ros/humble/share'), ('_', '/usr/bin/colcon'), ('ROS_VERSION', '2'), ('TERM', 'screen'), ('GAZEBO_MODEL_PATH', '/opt/ros/humble/share'), ('ROS_LOCALHOST_ONLY', '0'), ('QT_X11_NO_MITSHM', '1'), ('PATH', '/opt/ros/humble/bin:/usr/local/sbin:/usr/local/bin:/usr/sbin:/usr/bin:/sbin:/bin'), ('DISPLAY', ':0'), ('LANG', 'C.UTF-8'), ('LS_COLORS', 'rs=0:di=01;34:ln=01;36:mh=00:pi=40;33:so=01;35:do=01;35:bd=40;33;01:cd=40;33;01:or=40;31;01:mi=00:su=37;41:sg=30;43:ca=30;41:tw=30;42:ow=34;42:st=37;44:ex=01;32:*.tar=01;31:*.tgz=01;31:*.arc=01;31:*.arj=01;31:*.taz=01;31:*.lha=01;31:*.lz4=01;31:*.lzh=01;31:*.lzma=01;31:*.tlz=01;31:*.txz=01;31:*.tzo=01;31:*.t7z=01;31:*.zip=01;31:*.z=01;31:*.dz=01;31:*.gz=01;31:*.lrz=01;31:*.lz=01;31:*.lzo=01;31:*.xz=01;31:*.zst=01;31:*.tzst=01;31:*.bz2=01;31:*.bz=01;31:*.tbz=01;31:*.tbz2=01;31:*.tz=01;31:*.deb=01;31:*.rpm=01;31:*.jar=01;31:*.war=01;31:*.ear=01;31:*.sar=01;31:*.rar=01;31:*.alz=01;31:*.ace=01;31:*.zoo=01;31:*.cpio=01;31:*.7z=01;31:*.rz=01;31:*.cab=01;31:*.wim=01;31:*.swm=01;31:*.dwm=01;31:*.esd=01;31:*.jpg=01;35:*.jpeg=01;35:*.mjpg=01;35:*.mjpeg=01;35:*.gif=01;35:*.bmp=01;35:*.pbm=01;35:*.pgm=01;35:*.ppm=01;35:*.tga=01;35:*.xbm=01;35:*.xpm=01;35:*.tif=01;35:*.tiff=01;35:*.png=01;35:*.svg=01;35:*.svgz=01;35:*.mng=01;35:*.pcx=01;35:*.mov=01;35:*.mpg=01;35:*.mpeg=01;35:*.m2v=01;35:*.mkv=01;35:*.webm=01;35:*.webp=01;35:*.ogm=01;35:*.mp4=01;35:*.m4v=01;35:*.mp4v=01;35:*.vob=01;35:*.qt=01;35:*.nuv=01;35:*.wmv=01;35:*.asf=01;35:*.rm=01;35:*.rmvb=01;35:*.flc=01;35:*.avi=01;35:*.fli=01;35:*.flv=01;35:*.gl=01;35:*.dl=01;35:*.xcf=01;35:*.xwd=01;35:*.yuv=01;35:*.cgm=01;35:*.emf=01;35:*.ogv=01;35:*.ogx=01;35:*.aac=00;36:*.au=00;36:*.flac=00;36:*.m4a=00;36:*.mid=00;36:*.midi=00;36:*.mka=00;36:*.mp3=00;36:*.mpc=00;36:*.ogg=00;36:*.ra=00;36:*.wav=00;36:*.oga=00;36:*.opus=00;36:*.spx=00;36:*.xspf=00;36:'), ('TERM_PROGRAM', 'tmux'), ('AMENT_PREFIX_PATH', '/opt/ros/humble'), ('DEBIAN_FRONTEND', 'noninteractive'), ('SHELL', '/bin/bash'), ('IGN_GAZEBO_RESOURCE_PATH', '/opt/ros/humble/share'), ('GAZEBO_RESOURCE_PATH', '/opt/ros/humble/share'), ('PWD', '/home/robotics/colcon_ws/build/custom_srv_demo'), ('LC_ALL', 'C.UTF-8'), ('PYTHONPATH', '/opt/ros/humble/lib/python3.10/site-packages:/opt/ros/humble/local/lib/python3.10/dist-packages'), ('COLCON', '1'), ('TMUX_PANE', '%3'), ('CMAKE_PREFIX_PATH', '/opt/ros/humble')]), 'shell': False}
[0.098781] (-) TimerEvent: {}
[0.197740] (custom_srv_demo) StdoutLine: {'line': b'\x1b[35m\x1b[1mConsolidate compiler generated dependencies of target custom_srv_demo__rosidl_generator_c\x1b[0m\n'}
[0.202876] (-) TimerEvent: {}
[0.207865] (custom_srv_demo) StdoutLine: {'line': b'[  2%] Built target custom_srv_demo__cpp\n'}
[0.208202] (custom_msg_demo) StdoutLine: {'line': b'[  2%] Built target custom_msg_demo__cpp\n'}
[0.209831] (custom_msg_demo) StdoutLine: {'line': b'[ 11%] Built target custom_msg_demo__rosidl_generator_c\n'}
[0.214684] (custom_srv_demo) StdoutLine: {'line': b'[ 11%] Built target custom_srv_demo__rosidl_generator_c\n'}
[0.221674] (cpp_pubsub) StdoutLine: {'line': b'[ 50%] Built target talker\n'}
[0.222042] (cpp_pubsub) StdoutLine: {'line': b'[100%] Built target listener\n'}
[0.229903] (custom_srv_demo) StdoutLine: {'line': b'\x1b[35m\x1b[1mConsolidate compiler generated dependencies of target custom_srv_demo__rosidl_typesupport_cpp\x1b[0m\n'}
[0.232837] (custom_srv_demo) StdoutLine: {'line': b'\x1b[35m\x1b[1mConsolidate compiler generated dependencies of target custom_srv_demo__rosidl_typesupport_fastrtps_cpp\x1b[0m\n'}
[0.235694] (custom_srv_demo) StdoutLine: {'line': b'\x1b[35m\x1b[1mConsolidate compiler generated dependencies of target custom_srv_demo__rosidl_typesupport_introspection_cpp\x1b[0m\n'}
[0.241752] (custom_srv_demo) StdoutLine: {'line': b'\x1b[35m\x1b[1mConsolidate compiler generated dependencies of target custom_srv_demo__rosidl_typesupport_fastrtps_c\x1b[0m\n'}
[0.244737] (custom_msg_demo) StdoutLine: {'line': b'[ 11%] Built target ament_cmake_python_copy_custom_msg_demo\n'}
[0.244986] (custom_srv_demo) StdoutLine: {'line': b'[ 11%] Built target ament_cmake_python_copy_custom_srv_demo\n'}
[0.248813] (custom_srv_demo) StdoutLine: {'line': b'\x1b[35m\x1b[1mConsolidate compiler generated dependencies of target custom_srv_demo__rosidl_typesupport_introspection_c\x1b[0m\n'}
[0.252773] (cpp_pubsub) CommandEnded: {'returncode': 0}
[0.262760] (cpp_pubsub) JobProgress: {'identifier': 'cpp_pubsub', 'progress': 'install'}
[0.262861] (custom_msg_demo) StdoutLine: {'line': b'[ 20%] Built target custom_msg_demo__rosidl_typesupport_introspection_c\n'}
[0.263653] (custom_msg_demo) StdoutLine: {'line': b'[ 28%] Built target custom_msg_demo__rosidl_typesupport_introspection_cpp\n'}
[0.263816] (custom_msg_demo) StdoutLine: {'line': b'[ 37%] Built target custom_msg_demo__rosidl_typesupport_c\n'}
[0.263893] (custom_srv_demo) StdoutLine: {'line': b'\x1b[35m\x1b[1mConsolidate compiler generated dependencies of target custom_srv_demo__rosidl_typesupport_c\x1b[0m\n'}
[0.263981] (custom_srv_demo) StdoutLine: {'line': b'[ 20%] Built target custom_srv_demo__rosidl_typesupport_cpp\n'}
[0.265713] (custom_srv_demo) StdoutLine: {'line': b'[ 28%] Built target custom_srv_demo__rosidl_typesupport_introspection_cpp\n'}
[0.265940] (custom_msg_demo) StdoutLine: {'line': b'[ 45%] Built target custom_msg_demo__rosidl_typesupport_cpp\n'}
[0.271255] (custom_msg_demo) StdoutLine: {'line': b'[ 54%] Built target custom_msg_demo__rosidl_typesupport_fastrtps_cpp\n'}
[0.273716] (custom_srv_demo) StdoutLine: {'line': b'[ 37%] Built target custom_srv_demo__rosidl_typesupport_fastrtps_cpp\n'}
[0.274034] (custom_srv_demo) StdoutLine: {'line': b'[ 45%] Built target custom_srv_demo__rosidl_typesupport_fastrtps_c\n'}
[0.279459] (cpp_pubsub) Command: {'cmd': ['/usr/bin/cmake', '--install', '/home/robotics/colcon_ws/build/cpp_pubsub'], 'cwd': '/home/robotics/colcon_ws/build/cpp_pubsub', 'env': OrderedDict([('TMUX', '/tmp/tmux-1001/default,34,1'), ('HOSTNAME', 'OrdiJean'), ('SHLVL', '2'), ('LD_LIBRARY_PATH', '/usr/lib/x86_64-linux-gnu/gazebo-11/plugins:/opt/ros/humble/opt/rviz_ogre_vendor/lib:/opt/ros/humble/lib/x86_64-linux-gnu:/opt/ros/humble/lib'), ('HOME', '/home/robotics'), ('OLDPWD', '/home/robotics/colcon_ws/src'), ('TERM_PROGRAM_VERSION', '3.2a'), ('ROS_PYTHON_VERSION', '3'), ('ROS_DISTRO', 'humble'), ('IGN_GAZEBO_MODEL_PATH', '/opt/ros/humble/share'), ('_', '/usr/bin/colcon'), ('ROS_VERSION', '2'), ('TERM', 'screen'), ('GAZEBO_MODEL_PATH', '/opt/ros/humble/share'), ('ROS_LOCALHOST_ONLY', '0'), ('QT_X11_NO_MITSHM', '1'), ('PATH', '/opt/ros/humble/bin:/usr/local/sbin:/usr/local/bin:/usr/sbin:/usr/bin:/sbin:/bin'), ('DISPLAY', ':0'), ('LANG', 'C.UTF-8'), ('LS_COLORS', 'rs=0:di=01;34:ln=01;36:mh=00:pi=40;33:so=01;35:do=01;35:bd=40;33;01:cd=40;33;01:or=40;31;01:mi=00:su=37;41:sg=30;43:ca=30;41:tw=30;42:ow=34;42:st=37;44:ex=01;32:*.tar=01;31:*.tgz=01;31:*.arc=01;31:*.arj=01;31:*.taz=01;31:*.lha=01;31:*.lz4=01;31:*.lzh=01;31:*.lzma=01;31:*.tlz=01;31:*.txz=01;31:*.tzo=01;31:*.t7z=01;31:*.zip=01;31:*.z=01;31:*.dz=01;31:*.gz=01;31:*.lrz=01;31:*.lz=01;31:*.lzo=01;31:*.xz=01;31:*.zst=01;31:*.tzst=01;31:*.bz2=01;31:*.bz=01;31:*.tbz=01;31:*.tbz2=01;31:*.tz=01;31:*.deb=01;31:*.rpm=01;31:*.jar=01;31:*.war=01;31:*.ear=01;31:*.sar=01;31:*.rar=01;31:*.alz=01;31:*.ace=01;31:*.zoo=01;31:*.cpio=01;31:*.7z=01;31:*.rz=01;31:*.cab=01;31:*.wim=01;31:*.swm=01;31:*.dwm=01;31:*.esd=01;31:*.jpg=01;35:*.jpeg=01;35:*.mjpg=01;35:*.mjpeg=01;35:*.gif=01;35:*.bmp=01;35:*.pbm=01;35:*.pgm=01;35:*.ppm=01;35:*.tga=01;35:*.xbm=01;35:*.xpm=01;35:*.tif=01;35:*.tiff=01;35:*.png=01;35:*.svg=01;35:*.svgz=01;35:*.mng=01;35:*.pcx=01;35:*.mov=01;35:*.mpg=01;35:*.mpeg=01;35:*.m2v=01;35:*.mkv=01;35:*.webm=01;35:*.webp=01;35:*.ogm=01;35:*.mp4=01;35:*.m4v=01;35:*.mp4v=01;35:*.vob=01;35:*.qt=01;35:*.nuv=01;35:*.wmv=01;35:*.asf=01;35:*.rm=01;35:*.rmvb=01;35:*.flc=01;35:*.avi=01;35:*.fli=01;35:*.flv=01;35:*.gl=01;35:*.dl=01;35:*.xcf=01;35:*.xwd=01;35:*.yuv=01;35:*.cgm=01;35:*.emf=01;35:*.ogv=01;35:*.ogx=01;35:*.aac=00;36:*.au=00;36:*.flac=00;36:*.m4a=00;36:*.mid=00;36:*.midi=00;36:*.mka=00;36:*.mp3=00;36:*.mpc=00;36:*.ogg=00;36:*.ra=00;36:*.wav=00;36:*.oga=00;36:*.opus=00;36:*.spx=00;36:*.xspf=00;36:'), ('TERM_PROGRAM', 'tmux'), ('AMENT_PREFIX_PATH', '/opt/ros/humble'), ('DEBIAN_FRONTEND', 'noninteractive'), ('SHELL', '/bin/bash'), ('IGN_GAZEBO_RESOURCE_PATH', '/opt/ros/humble/share'), ('GAZEBO_RESOURCE_PATH', '/opt/ros/humble/share'), ('PWD', '/home/robotics/colcon_ws/build/cpp_pubsub'), ('LC_ALL', 'C.UTF-8'), ('PYTHONPATH', '/opt/ros/humble/lib/python3.10/site-packages:/opt/ros/humble/local/lib/python3.10/dist-packages'), ('COLCON', '1'), ('TMUX_PANE', '%3'), ('CMAKE_PREFIX_PATH', '/opt/ros/humble')]), 'shell': False}
[0.280055] (custom_srv_demo) StdoutLine: {'line': b'[ 54%] Built target custom_srv_demo__rosidl_typesupport_introspection_c\n'}
[0.282051] (custom_msg_demo) StdoutLine: {'line': b'[ 62%] Built target custom_msg_demo__rosidl_typesupport_fastrtps_c\n'}
[0.282236] (custom_srv_demo) StdoutLine: {'line': b'[ 62%] Built target custom_srv_demo__rosidl_typesupport_c\n'}
[0.285703] (custom_srv_demo) StdoutLine: {'line': b'\x1b[35m\x1b[1mConsolidate compiler generated dependencies of target can_move_server\x1b[0m\n'}
[0.287572] (cpp_pubsub) StdoutLine: {'line': b'-- Install configuration: ""\n'}
[0.289052] (cpp_pubsub) StdoutLine: {'line': b'-- Up-to-date: /home/robotics/colcon_ws/install/cpp_pubsub/lib/cpp_pubsub/talker\n'}
[0.291803] (cpp_pubsub) StdoutLine: {'line': b'-- Up-to-date: /home/robotics/colcon_ws/install/cpp_pubsub/lib/cpp_pubsub/listener\n'}
[0.292060] (cpp_pubsub) StdoutLine: {'line': b'-- Up-to-date: /home/robotics/colcon_ws/install/cpp_pubsub/share/cpp_pubsub//launch\n'}
[0.292148] (custom_srv_demo) StdoutLine: {'line': b'\x1b[35m\x1b[1mConsolidate compiler generated dependencies of target can_move_client\x1b[0m\n'}
[0.293765] (cpp_pubsub) StdoutLine: {'line': b'-- Up-to-date: /home/robotics/colcon_ws/install/cpp_pubsub/share/cpp_pubsub//launch/launch1.launch.py\n'}
[0.293972] (cpp_pubsub) StdoutLine: {'line': b'-- Up-to-date: /home/robotics/colcon_ws/install/cpp_pubsub/share/cpp_pubsub//launch/launch2.launch.py\n'}
[0.294060] (cpp_pubsub) StdoutLine: {'line': b'-- Up-to-date: /home/robotics/colcon_ws/install/cpp_pubsub/share/cpp_pubsub//launch/launch2.launch.py:Zone.Identifier\n'}
[0.294135] (cpp_pubsub) StdoutLine: {'line': b'-- Up-to-date: /home/robotics/colcon_ws/install/cpp_pubsub/share/cpp_pubsub//launch/launch1.launch.py:Zone.Identifier\n'}
[0.294207] (cpp_pubsub) StdoutLine: {'line': b'-- Up-to-date: /home/robotics/colcon_ws/install/cpp_pubsub/share/ament_index/resource_index/package_run_dependencies/cpp_pubsub\n'}
[0.294279] (cpp_pubsub) StdoutLine: {'line': b'-- Up-to-date: /home/robotics/colcon_ws/install/cpp_pubsub/share/ament_index/resource_index/parent_prefix_path/cpp_pubsub\n'}
[0.294348] (cpp_pubsub) StdoutLine: {'line': b'-- Up-to-date: /home/robotics/colcon_ws/install/cpp_pubsub/share/cpp_pubsub/environment/ament_prefix_path.sh\n'}
[0.294418] (cpp_pubsub) StdoutLine: {'line': b'-- Up-to-date: /home/robotics/colcon_ws/install/cpp_pubsub/share/cpp_pubsub/environment/ament_prefix_path.dsv\n'}
[0.294484] (cpp_pubsub) StdoutLine: {'line': b'-- Up-to-date: /home/robotics/colcon_ws/install/cpp_pubsub/share/cpp_pubsub/environment/path.sh\n'}
[0.294552] (cpp_pubsub) StdoutLine: {'line': b'-- Up-to-date: /home/robotics/colcon_ws/install/cpp_pubsub/share/cpp_pubsub/environment/path.dsv\n'}
[0.294620] (cpp_pubsub) StdoutLine: {'line': b'-- Up-to-date: /home/robotics/colcon_ws/install/cpp_pubsub/share/cpp_pubsub/local_setup.bash\n'}
[0.294719] (cpp_pubsub) StdoutLine: {'line': b'-- Up-to-date: /home/robotics/colcon_ws/install/cpp_pubsub/share/cpp_pubsub/local_setup.sh\n'}
[0.294809] (cpp_pubsub) StdoutLine: {'line': b'-- Up-to-date: /home/robotics/colcon_ws/install/cpp_pubsub/share/cpp_pubsub/local_setup.zsh\n'}
[0.294877] (cpp_pubsub) StdoutLine: {'line': b'-- Up-to-date: /home/robotics/colcon_ws/install/cpp_pubsub/share/cpp_pubsub/local_setup.dsv\n'}
[0.294975] (cpp_pubsub) StdoutLine: {'line': b'-- Installing: /home/robotics/colcon_ws/install/cpp_pubsub/share/cpp_pubsub/package.dsv\n'}
[0.295761] (cpp_pubsub) StdoutLine: {'line': b'-- Up-to-date: /home/robotics/colcon_ws/install/cpp_pubsub/share/ament_index/resource_index/packages/cpp_pubsub\n'}
[0.295940] (cpp_pubsub) StdoutLine: {'line': b'-- Up-to-date: /home/robotics/colcon_ws/install/cpp_pubsub/share/cpp_pubsub/cmake/cpp_pubsubConfig.cmake\n'}
[0.296028] (cpp_pubsub) StdoutLine: {'line': b'-- Up-to-date: /home/robotics/colcon_ws/install/cpp_pubsub/share/cpp_pubsub/cmake/cpp_pubsubConfig-version.cmake\n'}
[0.296106] (cpp_pubsub) StdoutLine: {'line': b'-- Up-to-date: /home/robotics/colcon_ws/install/cpp_pubsub/share/cpp_pubsub/package.xml\n'}
[0.299590] (cpp_pubsub) CommandEnded: {'returncode': 0}
[0.303188] (-) TimerEvent: {}
[0.319001] (custom_srv_demo) StdoutLine: {'line': b'[ 68%] Built target can_move_server\n'}
[0.320338] (custom_msg_demo) StdoutLine: {'line': b'[ 62%] Built target custom_msg_demo\n'}
[0.323613] (custom_srv_demo) StdoutLine: {'line': b'[ 68%] Built target custom_srv_demo\n'}
[0.323819] (custom_msg_demo) StdoutLine: {'line': b'[ 68%] Built target status_publisher\n'}
[0.326440] (custom_msg_demo) StdoutLine: {'line': b'[ 74%] Built target status_subscriber\n'}
[0.329232] (custom_srv_demo) StdoutLine: {'line': b'[ 74%] Built target can_move_client\n'}
[0.349687] (custom_msg_demo) StdoutLine: {'line': b'[ 77%] Built target custom_msg_demo__py\n'}
[0.351599] (custom_srv_demo) StdoutLine: {'line': b'[ 77%] Built target custom_srv_demo__py\n'}
[0.355172] (cpp_pubsub) JobEnded: {'identifier': 'cpp_pubsub', 'rc': 0}
[0.365175] (custom_srv_demo) StdoutLine: {'line': b'\x1b[35m\x1b[1mConsolidate compiler generated dependencies of target custom_srv_demo__rosidl_generator_py\x1b[0m\n'}
[0.378320] (custom_msg_demo) StdoutLine: {'line': b'[ 82%] Built target custom_msg_demo__rosidl_generator_py\n'}
[0.380003] (cpp_parameter_showcase) StdoutLine: {'line': b'-- The C compiler identification is GNU 11.4.0\n'}
[0.383148] (custom_srv_demo) StdoutLine: {'line': b'[ 82%] Built target custom_srv_demo__rosidl_generator_py\n'}
[0.400172] (custom_srv_demo) StdoutLine: {'line': b'\x1b[35m\x1b[1mConsolidate compiler generated dependencies of target custom_srv_demo__rosidl_typesupport_introspection_c__pyext\x1b[0m\n'}
[0.403395] (-) TimerEvent: {}
[0.405203] (custom_srv_demo) StdoutLine: {'line': b'\x1b[35m\x1b[1mConsolidate compiler generated dependencies of target custom_srv_demo__rosidl_typesupport_fastrtps_c__pyext\x1b[0m\n'}
[0.405449] (custom_srv_demo) StdoutLine: {'line': b'\x1b[35m\x1b[1mConsolidate compiler generated dependencies of target custom_srv_demo__rosidl_typesupport_c__pyext\x1b[0m\n'}
[0.413824] (custom_msg_demo) StdoutLine: {'line': b'[ 94%] Built target custom_msg_demo__rosidl_typesupport_fastrtps_c__pyext\n'}
[0.414151] (custom_msg_demo) StdoutLine: {'line': b'[ 94%] Built target custom_msg_demo__rosidl_typesupport_introspection_c__pyext\n'}
[0.414447] (custom_msg_demo) StdoutLine: {'line': b'[100%] Built target custom_msg_demo__rosidl_typesupport_c__pyext\n'}
[0.420965] (custom_srv_demo) StdoutLine: {'line': b'[ 94%] Built target custom_srv_demo__rosidl_typesupport_introspection_c__pyext\n'}
[0.421183] (custom_srv_demo) StdoutLine: {'line': b'[ 94%] Built target custom_srv_demo__rosidl_typesupport_fastrtps_c__pyext\n'}
[0.425287] (custom_srv_demo) StdoutLine: {'line': b'[100%] Built target custom_srv_demo__rosidl_typesupport_c__pyext\n'}
[0.503549] (-) TimerEvent: {}
[0.546706] (cpp_parameter_showcase) StdoutLine: {'line': b'-- The CXX compiler identification is GNU 11.4.0\n'}
[0.562229] (cpp_parameter_showcase) StdoutLine: {'line': b'-- Detecting C compiler ABI info\n'}
[0.565360] (custom_srv_demo) StdoutLine: {'line': b'running egg_info\n'}
[0.566148] (custom_srv_demo) StdoutLine: {'line': b'writing custom_srv_demo.egg-info/PKG-INFO\n'}
[0.566436] (custom_srv_demo) StdoutLine: {'line': b'writing dependency_links to custom_srv_demo.egg-info/dependency_links.txt\n'}
[0.566638] (custom_srv_demo) StdoutLine: {'line': b'writing top-level names to custom_srv_demo.egg-info/top_level.txt\n'}
[0.570155] (custom_srv_demo) StdoutLine: {'line': b"reading manifest file 'custom_srv_demo.egg-info/SOURCES.txt'\n"}
[0.570988] (custom_srv_demo) StdoutLine: {'line': b"writing manifest file 'custom_srv_demo.egg-info/SOURCES.txt'\n"}
[0.591313] (custom_msg_demo) StdoutLine: {'line': b'running egg_info\n'}
[0.592192] (custom_msg_demo) StdoutLine: {'line': b'writing custom_msg_demo.egg-info/PKG-INFO\n'}
[0.592591] (custom_msg_demo) StdoutLine: {'line': b'writing dependency_links to custom_msg_demo.egg-info/dependency_links.txt\n'}
[0.592839] (custom_msg_demo) StdoutLine: {'line': b'writing top-level names to custom_msg_demo.egg-info/top_level.txt\n'}
[0.595480] (custom_msg_demo) StdoutLine: {'line': b"reading manifest file 'custom_msg_demo.egg-info/SOURCES.txt'\n"}
[0.596816] (custom_msg_demo) StdoutLine: {'line': b"writing manifest file 'custom_msg_demo.egg-info/SOURCES.txt'\n"}
[0.603812] (custom_srv_demo) StdoutLine: {'line': b'[100%] Built target ament_cmake_python_build_custom_srv_demo_egg\n'}
[0.604111] (-) TimerEvent: {}
[0.619224] (custom_srv_demo) CommandEnded: {'returncode': 0}
[0.620741] (custom_srv_demo) JobProgress: {'identifier': 'custom_srv_demo', 'progress': 'install'}
[0.622128] (custom_srv_demo) Command: {'cmd': ['/usr/bin/cmake', '--install', '/home/robotics/colcon_ws/build/custom_srv_demo'], 'cwd': '/home/robotics/colcon_ws/build/custom_srv_demo', 'env': OrderedDict([('TMUX', '/tmp/tmux-1001/default,34,1'), ('HOSTNAME', 'OrdiJean'), ('SHLVL', '2'), ('LD_LIBRARY_PATH', '/usr/lib/x86_64-linux-gnu/gazebo-11/plugins:/opt/ros/humble/opt/rviz_ogre_vendor/lib:/opt/ros/humble/lib/x86_64-linux-gnu:/opt/ros/humble/lib'), ('HOME', '/home/robotics'), ('OLDPWD', '/home/robotics/colcon_ws/src'), ('TERM_PROGRAM_VERSION', '3.2a'), ('ROS_PYTHON_VERSION', '3'), ('ROS_DISTRO', 'humble'), ('IGN_GAZEBO_MODEL_PATH', '/opt/ros/humble/share'), ('_', '/usr/bin/colcon'), ('ROS_VERSION', '2'), ('TERM', 'screen'), ('GAZEBO_MODEL_PATH', '/opt/ros/humble/share'), ('ROS_LOCALHOST_ONLY', '0'), ('QT_X11_NO_MITSHM', '1'), ('PATH', '/opt/ros/humble/bin:/usr/local/sbin:/usr/local/bin:/usr/sbin:/usr/bin:/sbin:/bin'), ('DISPLAY', ':0'), ('LANG', 'C.UTF-8'), ('LS_COLORS', 'rs=0:di=01;34:ln=01;36:mh=00:pi=40;33:so=01;35:do=01;35:bd=40;33;01:cd=40;33;01:or=40;31;01:mi=00:su=37;41:sg=30;43:ca=30;41:tw=30;42:ow=34;42:st=37;44:ex=01;32:*.tar=01;31:*.tgz=01;31:*.arc=01;31:*.arj=01;31:*.taz=01;31:*.lha=01;31:*.lz4=01;31:*.lzh=01;31:*.lzma=01;31:*.tlz=01;31:*.txz=01;31:*.tzo=01;31:*.t7z=01;31:*.zip=01;31:*.z=01;31:*.dz=01;31:*.gz=01;31:*.lrz=01;31:*.lz=01;31:*.lzo=01;31:*.xz=01;31:*.zst=01;31:*.tzst=01;31:*.bz2=01;31:*.bz=01;31:*.tbz=01;31:*.tbz2=01;31:*.tz=01;31:*.deb=01;31:*.rpm=01;31:*.jar=01;31:*.war=01;31:*.ear=01;31:*.sar=01;31:*.rar=01;31:*.alz=01;31:*.ace=01;31:*.zoo=01;31:*.cpio=01;31:*.7z=01;31:*.rz=01;31:*.cab=01;31:*.wim=01;31:*.swm=01;31:*.dwm=01;31:*.esd=01;31:*.jpg=01;35:*.jpeg=01;35:*.mjpg=01;35:*.mjpeg=01;35:*.gif=01;35:*.bmp=01;35:*.pbm=01;35:*.pgm=01;35:*.ppm=01;35:*.tga=01;35:*.xbm=01;35:*.xpm=01;35:*.tif=01;35:*.tiff=01;35:*.png=01;35:*.svg=01;35:*.svgz=01;35:*.mng=01;35:*.pcx=01;35:*.mov=01;35:*.mpg=01;35:*.mpeg=01;35:*.m2v=01;35:*.mkv=01;35:*.webm=01;35:*.webp=01;35:*.ogm=01;35:*.mp4=01;35:*.m4v=01;35:*.mp4v=01;35:*.vob=01;35:*.qt=01;35:*.nuv=01;35:*.wmv=01;35:*.asf=01;35:*.rm=01;35:*.rmvb=01;35:*.flc=01;35:*.avi=01;35:*.fli=01;35:*.flv=01;35:*.gl=01;35:*.dl=01;35:*.xcf=01;35:*.xwd=01;35:*.yuv=01;35:*.cgm=01;35:*.emf=01;35:*.ogv=01;35:*.ogx=01;35:*.aac=00;36:*.au=00;36:*.flac=00;36:*.m4a=00;36:*.mid=00;36:*.midi=00;36:*.mka=00;36:*.mp3=00;36:*.mpc=00;36:*.ogg=00;36:*.ra=00;36:*.wav=00;36:*.oga=00;36:*.opus=00;36:*.spx=00;36:*.xspf=00;36:'), ('TERM_PROGRAM', 'tmux'), ('AMENT_PREFIX_PATH', '/opt/ros/humble'), ('DEBIAN_FRONTEND', 'noninteractive'), ('SHELL', '/bin/bash'), ('IGN_GAZEBO_RESOURCE_PATH', '/opt/ros/humble/share'), ('GAZEBO_RESOURCE_PATH', '/opt/ros/humble/share'), ('PWD', '/home/robotics/colcon_ws/build/custom_srv_demo'), ('LC_ALL', 'C.UTF-8'), ('PYTHONPATH', '/opt/ros/humble/lib/python3.10/site-packages:/opt/ros/humble/local/lib/python3.10/dist-packages'), ('COLCON', '1'), ('TMUX_PANE', '%3'), ('CMAKE_PREFIX_PATH', '/opt/ros/humble')]), 'shell': False}
[0.630211] (custom_msg_demo) StdoutLine: {'line': b'[100%] Built target ament_cmake_python_build_custom_msg_demo_egg\n'}
[0.630905] (custom_srv_demo) StdoutLine: {'line': b'-- Install configuration: ""\n'}
[0.631145] (custom_srv_demo) StdoutLine: {'line': b'-- Up-to-date: /home/robotics/colcon_ws/install/custom_srv_demo/share/ament_index/resource_index/rosidl_interfaces/custom_srv_demo\n'}
[0.631478] (custom_srv_demo) StdoutLine: {'line': b'-- Up-to-date: /home/robotics/colcon_ws/install/custom_srv_demo/include/custom_srv_demo/custom_srv_demo\n'}
[0.631605] (custom_srv_demo) StdoutLine: {'line': b'-- Up-to-date: /home/robotics/colcon_ws/install/custom_srv_demo/include/custom_srv_demo/custom_srv_demo/msg\n'}
[0.631879] (custom_srv_demo) StdoutLine: {'line': b'-- Up-to-date: /home/robotics/colcon_ws/install/custom_srv_demo/include/custom_srv_demo/custom_srv_demo/msg/rosidl_generator_c__visibility_control.h\n'}
[0.631997] (custom_srv_demo) StdoutLine: {'line': b'-- Up-to-date: /home/robotics/colcon_ws/install/custom_srv_demo/include/custom_srv_demo/custom_srv_demo/srv\n'}
[0.632214] (custom_srv_demo) StdoutLine: {'line': b'-- Up-to-date: /home/robotics/colcon_ws/install/custom_srv_demo/include/custom_srv_demo/custom_srv_demo/srv/detail\n'}
[0.632487] (custom_srv_demo) StdoutLine: {'line': b'-- Up-to-date: /home/robotics/colcon_ws/install/custom_srv_demo/include/custom_srv_demo/custom_srv_demo/srv/detail/can_move__type_support.h\n'}
[0.632835] (custom_srv_demo) StdoutLine: {'line': b'-- Up-to-date: /home/robotics/colcon_ws/install/custom_srv_demo/include/custom_srv_demo/custom_srv_demo/srv/detail/can_move__functions.h\n'}
[0.633001] (custom_srv_demo) StdoutLine: {'line': b'-- Up-to-date: /home/robotics/colcon_ws/install/custom_srv_demo/include/custom_srv_demo/custom_srv_demo/srv/detail/can_move__functions.c\n'}
[0.633153] (custom_srv_demo) StdoutLine: {'line': b'-- Up-to-date: /home/robotics/colcon_ws/install/custom_srv_demo/include/custom_srv_demo/custom_srv_demo/srv/detail/can_move__struct.h\n'}
[0.633309] (custom_srv_demo) StdoutLine: {'line': b'-- Up-to-date: /home/robotics/colcon_ws/install/custom_srv_demo/include/custom_srv_demo/custom_srv_demo/srv/can_move.h\n'}
[0.633494] (custom_srv_demo) StdoutLine: {'line': b'-- Up-to-date: /home/robotics/colcon_ws/install/custom_srv_demo/share/custom_srv_demo/environment/library_path.sh\n'}
[0.633562] (custom_srv_demo) StdoutLine: {'line': b'-- Up-to-date: /home/robotics/colcon_ws/install/custom_srv_demo/share/custom_srv_demo/environment/library_path.dsv\n'}
[0.634398] (custom_srv_demo) StdoutLine: {'line': b'-- Up-to-date: /home/robotics/colcon_ws/install/custom_srv_demo/lib/libcustom_srv_demo__rosidl_generator_c.so\n'}
[0.634698] (custom_srv_demo) StdoutLine: {'line': b'-- Up-to-date: /home/robotics/colcon_ws/install/custom_srv_demo/include/custom_srv_demo/custom_srv_demo\n'}
[0.634916] (custom_srv_demo) StdoutLine: {'line': b'-- Up-to-date: /home/robotics/colcon_ws/install/custom_srv_demo/include/custom_srv_demo/custom_srv_demo/msg\n'}
[0.635240] (custom_srv_demo) StdoutLine: {'line': b'-- Up-to-date: /home/robotics/colcon_ws/install/custom_srv_demo/include/custom_srv_demo/custom_srv_demo/msg/rosidl_typesupport_fastrtps_c__visibility_control.h\n'}
[0.635359] (custom_srv_demo) StdoutLine: {'line': b'-- Up-to-date: /home/robotics/colcon_ws/install/custom_srv_demo/include/custom_srv_demo/custom_srv_demo/srv\n'}
[0.635582] (custom_srv_demo) StdoutLine: {'line': b'-- Up-to-date: /home/robotics/colcon_ws/install/custom_srv_demo/include/custom_srv_demo/custom_srv_demo/srv/detail\n'}
[0.636026] (custom_srv_demo) StdoutLine: {'line': b'-- Up-to-date: /home/robotics/colcon_ws/install/custom_srv_demo/include/custom_srv_demo/custom_srv_demo/srv/detail/can_move__rosidl_typesupport_fastrtps_c.h\n'}
[0.637233] (custom_srv_demo) StdoutLine: {'line': b'-- Up-to-date: /home/robotics/colcon_ws/install/custom_srv_demo/lib/libcustom_srv_demo__rosidl_typesupport_fastrtps_c.so\n'}
[0.637565] (custom_srv_demo) StdoutLine: {'line': b'-- Up-to-date: /home/robotics/colcon_ws/install/custom_srv_demo/include/custom_srv_demo/custom_srv_demo\n'}
[0.637830] (custom_srv_demo) StdoutLine: {'line': b'-- Up-to-date: /home/robotics/colcon_ws/install/custom_srv_demo/include/custom_srv_demo/custom_srv_demo/msg\n'}
[0.638104] (custom_srv_demo) StdoutLine: {'line': b'-- Up-to-date: /home/robotics/colcon_ws/install/custom_srv_demo/include/custom_srv_demo/custom_srv_demo/msg/rosidl_generator_cpp__visibility_control.hpp\n'}
[0.638300] (custom_srv_demo) StdoutLine: {'line': b'-- Up-to-date: /home/robotics/colcon_ws/install/custom_srv_demo/include/custom_srv_demo/custom_srv_demo/srv\n'}
[0.638531] (custom_srv_demo) StdoutLine: {'line': b'-- Up-to-date: /home/robotics/colcon_ws/install/custom_srv_demo/include/custom_srv_demo/custom_srv_demo/srv/can_move.hpp\n'}
[0.638618] (custom_srv_demo) StdoutLine: {'line': b'-- Up-to-date: /home/robotics/colcon_ws/install/custom_srv_demo/include/custom_srv_demo/custom_srv_demo/srv/detail\n'}
[0.638988] (custom_srv_demo) StdoutLine: {'line': b'-- Up-to-date: /home/robotics/colcon_ws/install/custom_srv_demo/include/custom_srv_demo/custom_srv_demo/srv/detail/can_move__traits.hpp\n'}
[0.639110] (custom_srv_demo) StdoutLine: {'line': b'-- Up-to-date: /home/robotics/colcon_ws/install/custom_srv_demo/include/custom_srv_demo/custom_srv_demo/srv/detail/can_move__struct.hpp\n'}
[0.639277] (custom_srv_demo) StdoutLine: {'line': b'-- Up-to-date: /home/robotics/colcon_ws/install/custom_srv_demo/include/custom_srv_demo/custom_srv_demo/srv/detail/can_move__type_support.hpp\n'}
[0.639569] (custom_srv_demo) StdoutLine: {'line': b'-- Up-to-date: /home/robotics/colcon_ws/install/custom_srv_demo/include/custom_srv_demo/custom_srv_demo/srv/detail/can_move__builder.hpp\n'}
[0.639972] (custom_srv_demo) StdoutLine: {'line': b'-- Up-to-date: /home/robotics/colcon_ws/install/custom_srv_demo/include/custom_srv_demo/custom_srv_demo\n'}
[0.640064] (custom_srv_demo) StdoutLine: {'line': b'-- Up-to-date: /home/robotics/colcon_ws/install/custom_srv_demo/include/custom_srv_demo/custom_srv_demo/msg\n'}
[0.640126] (custom_srv_demo) StdoutLine: {'line': b'-- Up-to-date: /home/robotics/colcon_ws/install/custom_srv_demo/include/custom_srv_demo/custom_srv_demo/msg/rosidl_typesupport_fastrtps_cpp__visibility_control.h\n'}
[0.640197] (custom_srv_demo) StdoutLine: {'line': b'-- Up-to-date: /home/robotics/colcon_ws/install/custom_srv_demo/include/custom_srv_demo/custom_srv_demo/srv\n'}
[0.640563] (custom_srv_demo) StdoutLine: {'line': b'-- Up-to-date: /home/robotics/colcon_ws/install/custom_srv_demo/include/custom_srv_demo/custom_srv_demo/srv/detail\n'}
[0.640789] (custom_srv_demo) StdoutLine: {'line': b'-- Up-to-date: /home/robotics/colcon_ws/install/custom_srv_demo/include/custom_srv_demo/custom_srv_demo/srv/detail/dds_fastrtps\n'}
[0.641235] (custom_srv_demo) StdoutLine: {'line': b'-- Up-to-date: /home/robotics/colcon_ws/install/custom_srv_demo/include/custom_srv_demo/custom_srv_demo/srv/detail/can_move__rosidl_typesupport_fastrtps_cpp.hpp\n'}
[0.643192] (custom_srv_demo) StdoutLine: {'line': b'-- Up-to-date: /home/robotics/colcon_ws/install/custom_srv_demo/lib/libcustom_srv_demo__rosidl_typesupport_fastrtps_cpp.so\n'}
[0.643664] (custom_srv_demo) StdoutLine: {'line': b'-- Up-to-date: /home/robotics/colcon_ws/install/custom_srv_demo/include/custom_srv_demo/custom_srv_demo\n'}
[0.643793] (custom_srv_demo) StdoutLine: {'line': b'-- Up-to-date: /home/robotics/colcon_ws/install/custom_srv_demo/include/custom_srv_demo/custom_srv_demo/msg\n'}
[0.644060] (custom_srv_demo) StdoutLine: {'line': b'-- Up-to-date: /home/robotics/colcon_ws/install/custom_srv_demo/include/custom_srv_demo/custom_srv_demo/msg/rosidl_typesupport_introspection_c__visibility_control.h\n'}
[0.644197] (custom_srv_demo) StdoutLine: {'line': b'-- Up-to-date: /home/robotics/colcon_ws/install/custom_srv_demo/include/custom_srv_demo/custom_srv_demo/srv\n'}
[0.644410] (custom_srv_demo) StdoutLine: {'line': b'-- Up-to-date: /home/robotics/colcon_ws/install/custom_srv_demo/include/custom_srv_demo/custom_srv_demo/srv/detail\n'}
[0.644599] (custom_srv_demo) StdoutLine: {'line': b'-- Up-to-date: /home/robotics/colcon_ws/install/custom_srv_demo/include/custom_srv_demo/custom_srv_demo/srv/detail/can_move__rosidl_typesupport_introspection_c.h\n'}
[0.644688] (custom_srv_demo) StdoutLine: {'line': b'-- Up-to-date: /home/robotics/colcon_ws/install/custom_srv_demo/include/custom_srv_demo/custom_srv_demo/srv/detail/can_move__type_support.c\n'}
[0.645523] (custom_srv_demo) StdoutLine: {'line': b'-- Up-to-date: /home/robotics/colcon_ws/install/custom_srv_demo/lib/libcustom_srv_demo__rosidl_typesupport_introspection_c.so\n'}
[0.646147] (custom_srv_demo) StdoutLine: {'line': b'-- Up-to-date: /home/robotics/colcon_ws/install/custom_srv_demo/lib/libcustom_srv_demo__rosidl_typesupport_c.so\n'}
[0.646330] (custom_srv_demo) StdoutLine: {'line': b'-- Up-to-date: /home/robotics/colcon_ws/install/custom_srv_demo/include/custom_srv_demo/custom_srv_demo\n'}
[0.646639] (custom_srv_demo) StdoutLine: {'line': b'-- Up-to-date: /home/robotics/colcon_ws/install/custom_srv_demo/include/custom_srv_demo/custom_srv_demo/srv\n'}
[0.647100] (custom_srv_demo) StdoutLine: {'line': b'-- Up-to-date: /home/robotics/colcon_ws/install/custom_srv_demo/include/custom_srv_demo/custom_srv_demo/srv/detail\n'}
[0.647799] (custom_srv_demo) StdoutLine: {'line': b'-- Up-to-date: /home/robotics/colcon_ws/install/custom_srv_demo/include/custom_srv_demo/custom_srv_demo/srv/detail/can_move__rosidl_typesupport_introspection_cpp.hpp\n'}
[0.648017] (custom_srv_demo) StdoutLine: {'line': b'-- Up-to-date: /home/robotics/colcon_ws/install/custom_srv_demo/include/custom_srv_demo/custom_srv_demo/srv/detail/can_move__type_support.cpp\n'}
[0.649030] (custom_msg_demo) CommandEnded: {'returncode': 0}
[0.649555] (custom_srv_demo) StdoutLine: {'line': b'-- Up-to-date: /home/robotics/colcon_ws/install/custom_srv_demo/lib/libcustom_srv_demo__rosidl_typesupport_introspection_cpp.so\n'}
[0.649805] (custom_srv_demo) StdoutLine: {'line': b'-- Up-to-date: /home/robotics/colcon_ws/install/custom_srv_demo/lib/libcustom_srv_demo__rosidl_typesupport_cpp.so\n'}
[0.650297] (custom_srv_demo) StdoutLine: {'line': b'-- Up-to-date: /home/robotics/colcon_ws/install/custom_srv_demo/share/custom_srv_demo/environment/pythonpath.sh\n'}
[0.650452] (custom_srv_demo) StdoutLine: {'line': b'-- Up-to-date: /home/robotics/colcon_ws/install/custom_srv_demo/share/custom_srv_demo/environment/pythonpath.dsv\n'}
[0.650570] (custom_srv_demo) StdoutLine: {'line': b'-- Up-to-date: /home/robotics/colcon_ws/install/custom_srv_demo/local/lib/python3.10/dist-packages/custom_srv_demo-0.0.0-py3.10.egg-info\n'}
[0.650851] (custom_srv_demo) StdoutLine: {'line': b'-- Installing: /home/robotics/colcon_ws/install/custom_srv_demo/local/lib/python3.10/dist-packages/custom_srv_demo-0.0.0-py3.10.egg-info/dependency_links.txt\n'}
[0.651070] (custom_srv_demo) StdoutLine: {'line': b'-- Installing: /home/robotics/colcon_ws/install/custom_srv_demo/local/lib/python3.10/dist-packages/custom_srv_demo-0.0.0-py3.10.egg-info/PKG-INFO\n'}
[0.651307] (custom_srv_demo) StdoutLine: {'line': b'-- Installing: /home/robotics/colcon_ws/install/custom_srv_demo/local/lib/python3.10/dist-packages/custom_srv_demo-0.0.0-py3.10.egg-info/top_level.txt\n'}
[0.651667] (custom_srv_demo) StdoutLine: {'line': b'-- Installing: /home/robotics/colcon_ws/install/custom_srv_demo/local/lib/python3.10/dist-packages/custom_srv_demo-0.0.0-py3.10.egg-info/SOURCES.txt\n'}
[0.651855] (custom_srv_demo) StdoutLine: {'line': b'-- Up-to-date: /home/robotics/colcon_ws/install/custom_srv_demo/local/lib/python3.10/dist-packages/custom_srv_demo\n'}
[0.652028] (custom_srv_demo) StdoutLine: {'line': b'-- Up-to-date: /home/robotics/colcon_ws/install/custom_srv_demo/local/lib/python3.10/dist-packages/custom_srv_demo/custom_srv_demo_s__rosidl_typesupport_c.cpython-310-x86_64-linux-gnu.so\n'}
[0.652213] (custom_srv_demo) StdoutLine: {'line': b'-- Up-to-date: /home/robotics/colcon_ws/install/custom_srv_demo/local/lib/python3.10/dist-packages/custom_srv_demo/_custom_srv_demo_s.ep.rosidl_typesupport_introspection_c.c\n'}
[0.652387] (custom_srv_demo) StdoutLine: {'line': b'-- Up-to-date: /home/robotics/colcon_ws/install/custom_srv_demo/local/lib/python3.10/dist-packages/custom_srv_demo/custom_srv_demo_s__rosidl_typesupport_fastrtps_c.cpython-310-x86_64-linux-gnu.so\n'}
[0.652561] (custom_srv_demo) StdoutLine: {'line': b'-- Up-to-date: /home/robotics/colcon_ws/install/custom_srv_demo/local/lib/python3.10/dist-packages/custom_srv_demo/libcustom_srv_demo__rosidl_generator_py.so\n'}
[0.652736] (custom_srv_demo) StdoutLine: {'line': b'-- Up-to-date: /home/robotics/colcon_ws/install/custom_srv_demo/local/lib/python3.10/dist-packages/custom_srv_demo/srv\n'}
[0.652906] (custom_srv_demo) StdoutLine: {'line': b'-- Up-to-date: /home/robotics/colcon_ws/install/custom_srv_demo/local/lib/python3.10/dist-packages/custom_srv_demo/srv/_can_move.py\n'}
[0.653085] (custom_srv_demo) StdoutLine: {'line': b'-- Up-to-date: /home/robotics/colcon_ws/install/custom_srv_demo/local/lib/python3.10/dist-packages/custom_srv_demo/srv/__init__.py\n'}
[0.653345] (custom_srv_demo) StdoutLine: {'line': b'-- Up-to-date: /home/robotics/colcon_ws/install/custom_srv_demo/local/lib/python3.10/dist-packages/custom_srv_demo/srv/_can_move_s.c\n'}
[0.653453] (custom_srv_demo) StdoutLine: {'line': b'-- Up-to-date: /home/robotics/colcon_ws/install/custom_srv_demo/local/lib/python3.10/dist-packages/custom_srv_demo/__init__.py\n'}
[0.653570] (custom_srv_demo) StdoutLine: {'line': b'-- Up-to-date: /home/robotics/colcon_ws/install/custom_srv_demo/local/lib/python3.10/dist-packages/custom_srv_demo/custom_srv_demo_s__rosidl_typesupport_introspection_c.cpython-310-x86_64-linux-gnu.so\n'}
[0.653700] (custom_srv_demo) StdoutLine: {'line': b'-- Up-to-date: /home/robotics/colcon_ws/install/custom_srv_demo/local/lib/python3.10/dist-packages/custom_srv_demo/_custom_srv_demo_s.ep.rosidl_typesupport_fastrtps_c.c\n'}
[0.653803] (custom_srv_demo) StdoutLine: {'line': b'-- Up-to-date: /home/robotics/colcon_ws/install/custom_srv_demo/local/lib/python3.10/dist-packages/custom_srv_demo/_custom_srv_demo_s.ep.rosidl_typesupport_c.c\n'}
[0.655015] (custom_msg_demo) JobProgress: {'identifier': 'custom_msg_demo', 'progress': 'install'}
[0.655708] (custom_msg_demo) Command: {'cmd': ['/usr/bin/cmake', '--install', '/home/robotics/colcon_ws/build/custom_msg_demo'], 'cwd': '/home/robotics/colcon_ws/build/custom_msg_demo', 'env': OrderedDict([('TMUX', '/tmp/tmux-1001/default,34,1'), ('HOSTNAME', 'OrdiJean'), ('SHLVL', '2'), ('LD_LIBRARY_PATH', '/usr/lib/x86_64-linux-gnu/gazebo-11/plugins:/opt/ros/humble/opt/rviz_ogre_vendor/lib:/opt/ros/humble/lib/x86_64-linux-gnu:/opt/ros/humble/lib'), ('HOME', '/home/robotics'), ('OLDPWD', '/home/robotics/colcon_ws/src'), ('TERM_PROGRAM_VERSION', '3.2a'), ('ROS_PYTHON_VERSION', '3'), ('ROS_DISTRO', 'humble'), ('IGN_GAZEBO_MODEL_PATH', '/opt/ros/humble/share'), ('_', '/usr/bin/colcon'), ('ROS_VERSION', '2'), ('TERM', 'screen'), ('GAZEBO_MODEL_PATH', '/opt/ros/humble/share'), ('ROS_LOCALHOST_ONLY', '0'), ('QT_X11_NO_MITSHM', '1'), ('PATH', '/opt/ros/humble/bin:/usr/local/sbin:/usr/local/bin:/usr/sbin:/usr/bin:/sbin:/bin'), ('DISPLAY', ':0'), ('LANG', 'C.UTF-8'), ('LS_COLORS', 'rs=0:di=01;34:ln=01;36:mh=00:pi=40;33:so=01;35:do=01;35:bd=40;33;01:cd=40;33;01:or=40;31;01:mi=00:su=37;41:sg=30;43:ca=30;41:tw=30;42:ow=34;42:st=37;44:ex=01;32:*.tar=01;31:*.tgz=01;31:*.arc=01;31:*.arj=01;31:*.taz=01;31:*.lha=01;31:*.lz4=01;31:*.lzh=01;31:*.lzma=01;31:*.tlz=01;31:*.txz=01;31:*.tzo=01;31:*.t7z=01;31:*.zip=01;31:*.z=01;31:*.dz=01;31:*.gz=01;31:*.lrz=01;31:*.lz=01;31:*.lzo=01;31:*.xz=01;31:*.zst=01;31:*.tzst=01;31:*.bz2=01;31:*.bz=01;31:*.tbz=01;31:*.tbz2=01;31:*.tz=01;31:*.deb=01;31:*.rpm=01;31:*.jar=01;31:*.war=01;31:*.ear=01;31:*.sar=01;31:*.rar=01;31:*.alz=01;31:*.ace=01;31:*.zoo=01;31:*.cpio=01;31:*.7z=01;31:*.rz=01;31:*.cab=01;31:*.wim=01;31:*.swm=01;31:*.dwm=01;31:*.esd=01;31:*.jpg=01;35:*.jpeg=01;35:*.mjpg=01;35:*.mjpeg=01;35:*.gif=01;35:*.bmp=01;35:*.pbm=01;35:*.pgm=01;35:*.ppm=01;35:*.tga=01;35:*.xbm=01;35:*.xpm=01;35:*.tif=01;35:*.tiff=01;35:*.png=01;35:*.svg=01;35:*.svgz=01;35:*.mng=01;35:*.pcx=01;35:*.mov=01;35:*.mpg=01;35:*.mpeg=01;35:*.m2v=01;35:*.mkv=01;35:*.webm=01;35:*.webp=01;35:*.ogm=01;35:*.mp4=01;35:*.m4v=01;35:*.mp4v=01;35:*.vob=01;35:*.qt=01;35:*.nuv=01;35:*.wmv=01;35:*.asf=01;35:*.rm=01;35:*.rmvb=01;35:*.flc=01;35:*.avi=01;35:*.fli=01;35:*.flv=01;35:*.gl=01;35:*.dl=01;35:*.xcf=01;35:*.xwd=01;35:*.yuv=01;35:*.cgm=01;35:*.emf=01;35:*.ogv=01;35:*.ogx=01;35:*.aac=00;36:*.au=00;36:*.flac=00;36:*.m4a=00;36:*.mid=00;36:*.midi=00;36:*.mka=00;36:*.mp3=00;36:*.mpc=00;36:*.ogg=00;36:*.ra=00;36:*.wav=00;36:*.oga=00;36:*.opus=00;36:*.spx=00;36:*.xspf=00;36:'), ('TERM_PROGRAM', 'tmux'), ('AMENT_PREFIX_PATH', '/opt/ros/humble'), ('DEBIAN_FRONTEND', 'noninteractive'), ('SHELL', '/bin/bash'), ('IGN_GAZEBO_RESOURCE_PATH', '/opt/ros/humble/share'), ('GAZEBO_RESOURCE_PATH', '/opt/ros/humble/share'), ('PWD', '/home/robotics/colcon_ws/build/custom_msg_demo'), ('LC_ALL', 'C.UTF-8'), ('PYTHONPATH', '/opt/ros/humble/lib/python3.10/site-packages:/opt/ros/humble/local/lib/python3.10/dist-packages'), ('COLCON', '1'), ('TMUX_PANE', '%3'), ('CMAKE_PREFIX_PATH', '/opt/ros/humble')]), 'shell': False}
[0.657693] (cpp_parameter_showcase) StdoutLine: {'line': b'-- Detecting C compiler ABI info - done\n'}
[0.664431] (cpp_parameter_showcase) StdoutLine: {'line': b'-- Check for working C compiler: /usr/bin/cc - skipped\n'}
[0.664883] (custom_msg_demo) StdoutLine: {'line': b'-- Install configuration: ""\n'}
[0.665222] (cpp_parameter_showcase) StdoutLine: {'line': b'-- Detecting C compile features\n'}
[0.665491] (custom_msg_demo) StdoutLine: {'line': b'-- Up-to-date: /home/robotics/colcon_ws/install/custom_msg_demo/share/ament_index/resource_index/rosidl_interfaces/custom_msg_demo\n'}
[0.665567] (custom_msg_demo) StdoutLine: {'line': b'-- Up-to-date: /home/robotics/colcon_ws/install/custom_msg_demo/include/custom_msg_demo/custom_msg_demo\n'}
[0.665619] (custom_msg_demo) StdoutLine: {'line': b'-- Up-to-date: /home/robotics/colcon_ws/install/custom_msg_demo/include/custom_msg_demo/custom_msg_demo/msg\n'}
[0.665831] (cpp_parameter_showcase) StdoutLine: {'line': b'-- Detecting C compile features - done\n'}
[0.666032] (custom_msg_demo) StdoutLine: {'line': b'-- Up-to-date: /home/robotics/colcon_ws/install/custom_msg_demo/include/custom_msg_demo/custom_msg_demo/msg/robot_status.h\n'}
[0.666156] (custom_msg_demo) StdoutLine: {'line': b'-- Up-to-date: /home/robotics/colcon_ws/install/custom_msg_demo/include/custom_msg_demo/custom_msg_demo/msg/detail\n'}
[0.666294] (custom_msg_demo) StdoutLine: {'line': b'-- Up-to-date: /home/robotics/colcon_ws/install/custom_msg_demo/include/custom_msg_demo/custom_msg_demo/msg/detail/robot_status__functions.h\n'}
[0.666590] (custom_msg_demo) StdoutLine: {'line': b'-- Up-to-date: /home/robotics/colcon_ws/install/custom_msg_demo/include/custom_msg_demo/custom_msg_demo/msg/detail/robot_status__type_support.h\n'}
[0.666768] (custom_msg_demo) StdoutLine: {'line': b'-- Up-to-date: /home/robotics/colcon_ws/install/custom_msg_demo/include/custom_msg_demo/custom_msg_demo/msg/detail/robot_status__functions.c\n'}
[0.666848] (custom_msg_demo) StdoutLine: {'line': b'-- Up-to-date: /home/robotics/colcon_ws/install/custom_msg_demo/include/custom_msg_demo/custom_msg_demo/msg/detail/robot_status__struct.h\n'}
[0.666897] (custom_msg_demo) StdoutLine: {'line': b'-- Up-to-date: /home/robotics/colcon_ws/install/custom_msg_demo/include/custom_msg_demo/custom_msg_demo/msg/rosidl_generator_c__visibility_control.h\n'}
[0.666960] (custom_msg_demo) StdoutLine: {'line': b'-- Up-to-date: /home/robotics/colcon_ws/install/custom_msg_demo/share/custom_msg_demo/environment/library_path.sh\n'}
[0.667001] (custom_msg_demo) StdoutLine: {'line': b'-- Up-to-date: /home/robotics/colcon_ws/install/custom_msg_demo/share/custom_msg_demo/environment/library_path.dsv\n'}
[0.667624] (custom_msg_demo) StdoutLine: {'line': b'-- Up-to-date: /home/robotics/colcon_ws/install/custom_msg_demo/lib/libcustom_msg_demo__rosidl_generator_c.so\n'}
[0.667867] (custom_msg_demo) StdoutLine: {'line': b'-- Up-to-date: /home/robotics/colcon_ws/install/custom_msg_demo/include/custom_msg_demo/custom_msg_demo\n'}
[0.668124] (custom_msg_demo) StdoutLine: {'line': b'-- Up-to-date: /home/robotics/colcon_ws/install/custom_msg_demo/include/custom_msg_demo/custom_msg_demo/msg\n'}
[0.668505] (custom_msg_demo) StdoutLine: {'line': b'-- Up-to-date: /home/robotics/colcon_ws/install/custom_msg_demo/include/custom_msg_demo/custom_msg_demo/msg/detail\n'}
[0.668824] (custom_msg_demo) StdoutLine: {'line': b'-- Up-to-date: /home/robotics/colcon_ws/install/custom_msg_demo/include/custom_msg_demo/custom_msg_demo/msg/detail/robot_status__rosidl_typesupport_fastrtps_c.h\n'}
[0.668905] (custom_msg_demo) StdoutLine: {'line': b'-- Up-to-date: /home/robotics/colcon_ws/install/custom_msg_demo/include/custom_msg_demo/custom_msg_demo/msg/rosidl_typesupport_fastrtps_c__visibility_control.h\n'}
[0.669988] (cpp_parameter_showcase) StdoutLine: {'line': b'-- Detecting CXX compiler ABI info\n'}
[0.670192] (custom_msg_demo) StdoutLine: {'line': b'-- Up-to-date: /home/robotics/colcon_ws/install/custom_msg_demo/lib/libcustom_msg_demo__rosidl_typesupport_fastrtps_c.so\n'}
[0.670266] (custom_msg_demo) StdoutLine: {'line': b'-- Up-to-date: /home/robotics/colcon_ws/install/custom_msg_demo/include/custom_msg_demo/custom_msg_demo\n'}
[0.670392] (custom_msg_demo) StdoutLine: {'line': b'-- Up-to-date: /home/robotics/colcon_ws/install/custom_msg_demo/include/custom_msg_demo/custom_msg_demo/msg\n'}
[0.670683] (custom_msg_demo) StdoutLine: {'line': b'-- Up-to-date: /home/robotics/colcon_ws/install/custom_msg_demo/include/custom_msg_demo/custom_msg_demo/msg/rosidl_generator_cpp__visibility_control.hpp\n'}
[0.670813] (custom_msg_demo) StdoutLine: {'line': b'-- Up-to-date: /home/robotics/colcon_ws/install/custom_msg_demo/include/custom_msg_demo/custom_msg_demo/msg/detail\n'}
[0.671104] (custom_msg_demo) StdoutLine: {'line': b'-- Up-to-date: /home/robotics/colcon_ws/install/custom_msg_demo/include/custom_msg_demo/custom_msg_demo/msg/detail/robot_status__builder.hpp\n'}
[0.671233] (custom_msg_demo) StdoutLine: {'line': b'-- Up-to-date: /home/robotics/colcon_ws/install/custom_msg_demo/include/custom_msg_demo/custom_msg_demo/msg/detail/robot_status__struct.hpp\n'}
[0.671283] (custom_msg_demo) StdoutLine: {'line': b'-- Up-to-date: /home/robotics/colcon_ws/install/custom_msg_demo/include/custom_msg_demo/custom_msg_demo/msg/detail/robot_status__type_support.hpp\n'}
[0.671373] (custom_msg_demo) StdoutLine: {'line': b'-- Up-to-date: /home/robotics/colcon_ws/install/custom_msg_demo/include/custom_msg_demo/custom_msg_demo/msg/detail/robot_status__traits.hpp\n'}
[0.671433] (custom_msg_demo) StdoutLine: {'line': b'-- Up-to-date: /home/robotics/colcon_ws/install/custom_msg_demo/include/custom_msg_demo/custom_msg_demo/msg/robot_status.hpp\n'}
[0.671489] (custom_msg_demo) StdoutLine: {'line': b'-- Up-to-date: /home/robotics/colcon_ws/install/custom_msg_demo/include/custom_msg_demo/custom_msg_demo\n'}
[0.671623] (custom_msg_demo) StdoutLine: {'line': b'-- Up-to-date: /home/robotics/colcon_ws/install/custom_msg_demo/include/custom_msg_demo/custom_msg_demo/msg\n'}
[0.672039] (custom_msg_demo) StdoutLine: {'line': b'-- Up-to-date: /home/robotics/colcon_ws/install/custom_msg_demo/include/custom_msg_demo/custom_msg_demo/msg/rosidl_typesupport_fastrtps_cpp__visibility_control.h\n'}
[0.672193] (custom_msg_demo) StdoutLine: {'line': b'-- Up-to-date: /home/robotics/colcon_ws/install/custom_msg_demo/include/custom_msg_demo/custom_msg_demo/msg/detail\n'}
[0.672412] (custom_msg_demo) StdoutLine: {'line': b'-- Up-to-date: /home/robotics/colcon_ws/install/custom_msg_demo/include/custom_msg_demo/custom_msg_demo/msg/detail/dds_fastrtps\n'}
[0.672685] (custom_msg_demo) StdoutLine: {'line': b'-- Up-to-date: /home/robotics/colcon_ws/install/custom_msg_demo/include/custom_msg_demo/custom_msg_demo/msg/detail/robot_status__rosidl_typesupport_fastrtps_cpp.hpp\n'}
[0.673795] (custom_msg_demo) StdoutLine: {'line': b'-- Up-to-date: /home/robotics/colcon_ws/install/custom_msg_demo/lib/libcustom_msg_demo__rosidl_typesupport_fastrtps_cpp.so\n'}
[0.674121] (custom_msg_demo) StdoutLine: {'line': b'-- Up-to-date: /home/robotics/colcon_ws/install/custom_msg_demo/include/custom_msg_demo/custom_msg_demo\n'}
[0.674304] (custom_msg_demo) StdoutLine: {'line': b'-- Up-to-date: /home/robotics/colcon_ws/install/custom_msg_demo/include/custom_msg_demo/custom_msg_demo/msg\n'}
[0.674620] (custom_msg_demo) StdoutLine: {'line': b'-- Up-to-date: /home/robotics/colcon_ws/install/custom_msg_demo/include/custom_msg_demo/custom_msg_demo/msg/detail\n'}
[0.674962] (custom_msg_demo) StdoutLine: {'line': b'-- Up-to-date: /home/robotics/colcon_ws/install/custom_msg_demo/include/custom_msg_demo/custom_msg_demo/msg/detail/robot_status__type_support.c\n'}
[0.675157] (custom_msg_demo) StdoutLine: {'line': b'-- Up-to-date: /home/robotics/colcon_ws/install/custom_msg_demo/include/custom_msg_demo/custom_msg_demo/msg/detail/robot_status__rosidl_typesupport_introspection_c.h\n'}
[0.675231] (custom_msg_demo) StdoutLine: {'line': b'-- Up-to-date: /home/robotics/colcon_ws/install/custom_msg_demo/include/custom_msg_demo/custom_msg_demo/msg/rosidl_typesupport_introspection_c__visibility_control.h\n'}
[0.676033] (custom_msg_demo) StdoutLine: {'line': b'-- Up-to-date: /home/robotics/colcon_ws/install/custom_msg_demo/lib/libcustom_msg_demo__rosidl_typesupport_introspection_c.so\n'}
[0.676564] (custom_msg_demo) StdoutLine: {'line': b'-- Up-to-date: /home/robotics/colcon_ws/install/custom_msg_demo/lib/libcustom_msg_demo__rosidl_typesupport_c.so\n'}
[0.676747] (custom_msg_demo) StdoutLine: {'line': b'-- Up-to-date: /home/robotics/colcon_ws/install/custom_msg_demo/include/custom_msg_demo/custom_msg_demo\n'}
[0.677000] (custom_msg_demo) StdoutLine: {'line': b'-- Up-to-date: /home/robotics/colcon_ws/install/custom_msg_demo/include/custom_msg_demo/custom_msg_demo/msg\n'}
[0.677304] (custom_msg_demo) StdoutLine: {'line': b'-- Up-to-date: /home/robotics/colcon_ws/install/custom_msg_demo/include/custom_msg_demo/custom_msg_demo/msg/detail\n'}
[0.677606] (custom_msg_demo) StdoutLine: {'line': b'-- Up-to-date: /home/robotics/colcon_ws/install/custom_msg_demo/include/custom_msg_demo/custom_msg_demo/msg/detail/robot_status__rosidl_typesupport_introspection_cpp.hpp\n'}
[0.677700] (custom_msg_demo) StdoutLine: {'line': b'-- Up-to-date: /home/robotics/colcon_ws/install/custom_msg_demo/include/custom_msg_demo/custom_msg_demo/msg/detail/robot_status__type_support.cpp\n'}
[0.678543] (custom_msg_demo) StdoutLine: {'line': b'-- Up-to-date: /home/robotics/colcon_ws/install/custom_msg_demo/lib/libcustom_msg_demo__rosidl_typesupport_introspection_cpp.so\n'}
[0.679142] (custom_msg_demo) StdoutLine: {'line': b'-- Up-to-date: /home/robotics/colcon_ws/install/custom_msg_demo/lib/libcustom_msg_demo__rosidl_typesupport_cpp.so\n'}
[0.679384] (custom_msg_demo) StdoutLine: {'line': b'-- Up-to-date: /home/robotics/colcon_ws/install/custom_msg_demo/share/custom_msg_demo/environment/pythonpath.sh\n'}
[0.679570] (custom_msg_demo) StdoutLine: {'line': b'-- Up-to-date: /home/robotics/colcon_ws/install/custom_msg_demo/share/custom_msg_demo/environment/pythonpath.dsv\n'}
[0.679743] (custom_msg_demo) StdoutLine: {'line': b'-- Up-to-date: /home/robotics/colcon_ws/install/custom_msg_demo/local/lib/python3.10/dist-packages/custom_msg_demo-0.0.0-py3.10.egg-info\n'}
[0.680022] (custom_msg_demo) StdoutLine: {'line': b'-- Installing: /home/robotics/colcon_ws/install/custom_msg_demo/local/lib/python3.10/dist-packages/custom_msg_demo-0.0.0-py3.10.egg-info/dependency_links.txt\n'}
[0.680138] (custom_msg_demo) StdoutLine: {'line': b'-- Installing: /home/robotics/colcon_ws/install/custom_msg_demo/local/lib/python3.10/dist-packages/custom_msg_demo-0.0.0-py3.10.egg-info/PKG-INFO\n'}
[0.680290] (custom_msg_demo) StdoutLine: {'line': b'-- Installing: /home/robotics/colcon_ws/install/custom_msg_demo/local/lib/python3.10/dist-packages/custom_msg_demo-0.0.0-py3.10.egg-info/top_level.txt\n'}
[0.680684] (custom_msg_demo) StdoutLine: {'line': b'-- Installing: /home/robotics/colcon_ws/install/custom_msg_demo/local/lib/python3.10/dist-packages/custom_msg_demo-0.0.0-py3.10.egg-info/SOURCES.txt\n'}
[0.680851] (custom_msg_demo) StdoutLine: {'line': b'-- Up-to-date: /home/robotics/colcon_ws/install/custom_msg_demo/local/lib/python3.10/dist-packages/custom_msg_demo\n'}
[0.681021] (custom_msg_demo) StdoutLine: {'line': b'-- Up-to-date: /home/robotics/colcon_ws/install/custom_msg_demo/local/lib/python3.10/dist-packages/custom_msg_demo/msg\n'}
[0.681192] (custom_msg_demo) StdoutLine: {'line': b'-- Up-to-date: /home/robotics/colcon_ws/install/custom_msg_demo/local/lib/python3.10/dist-packages/custom_msg_demo/msg/_robot_status.py\n'}
[0.681361] (custom_msg_demo) StdoutLine: {'line': b'-- Up-to-date: /home/robotics/colcon_ws/install/custom_msg_demo/local/lib/python3.10/dist-packages/custom_msg_demo/msg/__init__.py\n'}
[0.681531] (custom_msg_demo) StdoutLine: {'line': b'-- Up-to-date: /home/robotics/colcon_ws/install/custom_msg_demo/local/lib/python3.10/dist-packages/custom_msg_demo/msg/_robot_status_s.c\n'}
[0.681684] (custom_msg_demo) StdoutLine: {'line': b'-- Up-to-date: /home/robotics/colcon_ws/install/custom_msg_demo/local/lib/python3.10/dist-packages/custom_msg_demo/_custom_msg_demo_s.ep.rosidl_typesupport_c.c\n'}
[0.681935] (custom_msg_demo) StdoutLine: {'line': b'-- Up-to-date: /home/robotics/colcon_ws/install/custom_msg_demo/local/lib/python3.10/dist-packages/custom_msg_demo/custom_msg_demo_s__rosidl_typesupport_introspection_c.cpython-310-x86_64-linux-gnu.so\n'}
[0.682010] (custom_msg_demo) StdoutLine: {'line': b'-- Up-to-date: /home/robotics/colcon_ws/install/custom_msg_demo/local/lib/python3.10/dist-packages/custom_msg_demo/_custom_msg_demo_s.ep.rosidl_typesupport_fastrtps_c.c\n'}
[0.682083] (custom_msg_demo) StdoutLine: {'line': b'-- Up-to-date: /home/robotics/colcon_ws/install/custom_msg_demo/local/lib/python3.10/dist-packages/custom_msg_demo/__init__.py\n'}
[0.682153] (custom_msg_demo) StdoutLine: {'line': b'-- Up-to-date: /home/robotics/colcon_ws/install/custom_msg_demo/local/lib/python3.10/dist-packages/custom_msg_demo/_custom_msg_demo_s.ep.rosidl_typesupport_introspection_c.c\n'}
[0.682236] (custom_msg_demo) StdoutLine: {'line': b'-- Up-to-date: /home/robotics/colcon_ws/install/custom_msg_demo/local/lib/python3.10/dist-packages/custom_msg_demo/libcustom_msg_demo__rosidl_generator_py.so\n'}
[0.682314] (custom_msg_demo) StdoutLine: {'line': b'-- Up-to-date: /home/robotics/colcon_ws/install/custom_msg_demo/local/lib/python3.10/dist-packages/custom_msg_demo/custom_msg_demo_s__rosidl_typesupport_fastrtps_c.cpython-310-x86_64-linux-gnu.so\n'}
[0.682387] (custom_msg_demo) StdoutLine: {'line': b'-- Up-to-date: /home/robotics/colcon_ws/install/custom_msg_demo/local/lib/python3.10/dist-packages/custom_msg_demo/custom_msg_demo_s__rosidl_typesupport_c.cpython-310-x86_64-linux-gnu.so\n'}
[0.691051] (custom_srv_demo) StdoutLine: {'line': b"Listing '/home/robotics/colcon_ws/install/custom_srv_demo/local/lib/python3.10/dist-packages/custom_srv_demo'...\n"}
[0.691282] (custom_srv_demo) StdoutLine: {'line': b"Listing '/home/robotics/colcon_ws/install/custom_srv_demo/local/lib/python3.10/dist-packages/custom_srv_demo/srv'...\n"}
[0.695891] (custom_srv_demo) StdoutLine: {'line': b'-- Up-to-date: /home/robotics/colcon_ws/install/custom_srv_demo/local/lib/python3.10/dist-packages/custom_srv_demo/custom_srv_demo_s__rosidl_typesupport_fastrtps_c.cpython-310-x86_64-linux-gnu.so\n'}
[0.696790] (custom_srv_demo) StdoutLine: {'line': b'-- Up-to-date: /home/robotics/colcon_ws/install/custom_srv_demo/local/lib/python3.10/dist-packages/custom_srv_demo/custom_srv_demo_s__rosidl_typesupport_introspection_c.cpython-310-x86_64-linux-gnu.so\n'}
[0.697647] (custom_srv_demo) StdoutLine: {'line': b'-- Up-to-date: /home/robotics/colcon_ws/install/custom_srv_demo/local/lib/python3.10/dist-packages/custom_srv_demo/custom_srv_demo_s__rosidl_typesupport_c.cpython-310-x86_64-linux-gnu.so\n'}
[0.698512] (custom_srv_demo) StdoutLine: {'line': b'-- Up-to-date: /home/robotics/colcon_ws/install/custom_srv_demo/lib/libcustom_srv_demo__rosidl_generator_py.so\n'}
[0.698749] (custom_srv_demo) StdoutLine: {'line': b'-- Up-to-date: /home/robotics/colcon_ws/install/custom_srv_demo/share/custom_srv_demo/srv/CanMove.idl\n'}
[0.699027] (custom_srv_demo) StdoutLine: {'line': b'-- Up-to-date: /home/robotics/colcon_ws/install/custom_srv_demo/share/custom_srv_demo/srv/CanMove.srv\n'}
[0.699112] (custom_srv_demo) StdoutLine: {'line': b'-- Up-to-date: /home/robotics/colcon_ws/install/custom_srv_demo/share/custom_srv_demo/srv/CanMove_Request.msg\n'}
[0.699156] (custom_srv_demo) StdoutLine: {'line': b'-- Up-to-date: /home/robotics/colcon_ws/install/custom_srv_demo/share/custom_srv_demo/srv/CanMove_Response.msg\n'}
[0.700358] (custom_srv_demo) StdoutLine: {'line': b'-- Up-to-date: /home/robotics/colcon_ws/install/custom_srv_demo/lib/custom_srv_demo/can_move_server\n'}
[0.701873] (custom_srv_demo) StdoutLine: {'line': b'-- Up-to-date: /home/robotics/colcon_ws/install/custom_srv_demo/lib/custom_srv_demo/can_move_client\n'}
[0.702089] (custom_srv_demo) StdoutLine: {'line': b'-- Up-to-date: /home/robotics/colcon_ws/install/custom_srv_demo/share/ament_index/resource_index/package_run_dependencies/custom_srv_demo\n'}
[0.702299] (custom_srv_demo) StdoutLine: {'line': b'-- Up-to-date: /home/robotics/colcon_ws/install/custom_srv_demo/share/ament_index/resource_index/parent_prefix_path/custom_srv_demo\n'}
[0.702455] (custom_srv_demo) StdoutLine: {'line': b'-- Up-to-date: /home/robotics/colcon_ws/install/custom_srv_demo/share/custom_srv_demo/environment/ament_prefix_path.sh\n'}
[0.702750] (custom_srv_demo) StdoutLine: {'line': b'-- Up-to-date: /home/robotics/colcon_ws/install/custom_srv_demo/share/custom_srv_demo/environment/ament_prefix_path.dsv\n'}
[0.703054] (custom_srv_demo) StdoutLine: {'line': b'-- Up-to-date: /home/robotics/colcon_ws/install/custom_srv_demo/share/custom_srv_demo/environment/path.sh\n'}
[0.703117] (custom_srv_demo) StdoutLine: {'line': b'-- Up-to-date: /home/robotics/colcon_ws/install/custom_srv_demo/share/custom_srv_demo/environment/path.dsv\n'}
[0.703158] (custom_srv_demo) StdoutLine: {'line': b'-- Up-to-date: /home/robotics/colcon_ws/install/custom_srv_demo/share/custom_srv_demo/local_setup.bash\n'}
[0.703197] (custom_srv_demo) StdoutLine: {'line': b'-- Up-to-date: /home/robotics/colcon_ws/install/custom_srv_demo/share/custom_srv_demo/local_setup.sh\n'}
[0.703235] (custom_srv_demo) StdoutLine: {'line': b'-- Up-to-date: /home/robotics/colcon_ws/install/custom_srv_demo/share/custom_srv_demo/local_setup.zsh\n'}
[0.703272] (custom_srv_demo) StdoutLine: {'line': b'-- Up-to-date: /home/robotics/colcon_ws/install/custom_srv_demo/share/custom_srv_demo/local_setup.dsv\n'}
[0.703309] (custom_srv_demo) StdoutLine: {'line': b'-- Installing: /home/robotics/colcon_ws/install/custom_srv_demo/share/custom_srv_demo/package.dsv\n'}
[0.703769] (custom_srv_demo) StdoutLine: {'line': b'-- Up-to-date: /home/robotics/colcon_ws/install/custom_srv_demo/share/ament_index/resource_index/packages/custom_srv_demo\n'}
[0.704224] (-) TimerEvent: {}
[0.704475] (custom_srv_demo) StdoutLine: {'line': b'-- Up-to-date: /home/robotics/colcon_ws/install/custom_srv_demo/share/custom_srv_demo/cmake/export_custom_srv_demo__rosidl_generator_cExport.cmake\n'}
[0.704596] (custom_srv_demo) StdoutLine: {'line': b'-- Up-to-date: /home/robotics/colcon_ws/install/custom_srv_demo/share/custom_srv_demo/cmake/export_custom_srv_demo__rosidl_generator_cExport-noconfig.cmake\n'}
[0.705262] (custom_srv_demo) StdoutLine: {'line': b'-- Up-to-date: /home/robotics/colcon_ws/install/custom_srv_demo/share/custom_srv_demo/cmake/export_custom_srv_demo__rosidl_typesupport_fastrtps_cExport.cmake\n'}
[0.705477] (custom_srv_demo) StdoutLine: {'line': b'-- Up-to-date: /home/robotics/colcon_ws/install/custom_srv_demo/share/custom_srv_demo/cmake/export_custom_srv_demo__rosidl_typesupport_fastrtps_cExport-noconfig.cmake\n'}
[0.706128] (custom_srv_demo) StdoutLine: {'line': b'-- Up-to-date: /home/robotics/colcon_ws/install/custom_srv_demo/share/custom_srv_demo/cmake/export_custom_srv_demo__rosidl_generator_cppExport.cmake\n'}
[0.706949] (custom_srv_demo) StdoutLine: {'line': b'-- Up-to-date: /home/robotics/colcon_ws/install/custom_srv_demo/share/custom_srv_demo/cmake/export_custom_srv_demo__rosidl_typesupport_fastrtps_cppExport.cmake\n'}
[0.707121] (custom_srv_demo) StdoutLine: {'line': b'-- Up-to-date: /home/robotics/colcon_ws/install/custom_srv_demo/share/custom_srv_demo/cmake/export_custom_srv_demo__rosidl_typesupport_fastrtps_cppExport-noconfig.cmake\n'}
[0.707967] (custom_srv_demo) StdoutLine: {'line': b'-- Up-to-date: /home/robotics/colcon_ws/install/custom_srv_demo/share/custom_srv_demo/cmake/custom_srv_demo__rosidl_typesupport_introspection_cExport.cmake\n'}
[0.708110] (custom_srv_demo) StdoutLine: {'line': b'-- Up-to-date: /home/robotics/colcon_ws/install/custom_srv_demo/share/custom_srv_demo/cmake/custom_srv_demo__rosidl_typesupport_introspection_cExport-noconfig.cmake\n'}
[0.708982] (custom_srv_demo) StdoutLine: {'line': b'-- Up-to-date: /home/robotics/colcon_ws/install/custom_srv_demo/share/custom_srv_demo/cmake/custom_srv_demo__rosidl_typesupport_cExport.cmake\n'}
[0.709155] (custom_srv_demo) StdoutLine: {'line': b'-- Up-to-date: /home/robotics/colcon_ws/install/custom_srv_demo/share/custom_srv_demo/cmake/custom_srv_demo__rosidl_typesupport_cExport-noconfig.cmake\n'}
[0.710213] (custom_srv_demo) StdoutLine: {'line': b'-- Up-to-date: /home/robotics/colcon_ws/install/custom_srv_demo/share/custom_srv_demo/cmake/custom_srv_demo__rosidl_typesupport_introspection_cppExport.cmake\n'}
[0.710584] (custom_srv_demo) StdoutLine: {'line': b'-- Up-to-date: /home/robotics/colcon_ws/install/custom_srv_demo/share/custom_srv_demo/cmake/custom_srv_demo__rosidl_typesupport_introspection_cppExport-noconfig.cmake\n'}
[0.711235] (custom_srv_demo) StdoutLine: {'line': b'-- Up-to-date: /home/robotics/colcon_ws/install/custom_srv_demo/share/custom_srv_demo/cmake/custom_srv_demo__rosidl_typesupport_cppExport.cmake\n'}
[0.711394] (custom_srv_demo) StdoutLine: {'line': b'-- Up-to-date: /home/robotics/colcon_ws/install/custom_srv_demo/share/custom_srv_demo/cmake/custom_srv_demo__rosidl_typesupport_cppExport-noconfig.cmake\n'}
[0.712371] (custom_srv_demo) StdoutLine: {'line': b'-- Up-to-date: /home/robotics/colcon_ws/install/custom_srv_demo/share/custom_srv_demo/cmake/export_custom_srv_demo__rosidl_generator_pyExport.cmake\n'}
[0.712635] (custom_srv_demo) StdoutLine: {'line': b'-- Up-to-date: /home/robotics/colcon_ws/install/custom_srv_demo/share/custom_srv_demo/cmake/export_custom_srv_demo__rosidl_generator_pyExport-noconfig.cmake\n'}
[0.712942] (custom_srv_demo) StdoutLine: {'line': b'-- Up-to-date: /home/robotics/colcon_ws/install/custom_srv_demo/share/custom_srv_demo/cmake/rosidl_cmake-extras.cmake\n'}
[0.713205] (custom_srv_demo) StdoutLine: {'line': b'-- Up-to-date: /home/robotics/colcon_ws/install/custom_srv_demo/share/custom_srv_demo/cmake/ament_cmake_export_include_directories-extras.cmake\n'}
[0.713285] (custom_srv_demo) StdoutLine: {'line': b'-- Up-to-date: /home/robotics/colcon_ws/install/custom_srv_demo/share/custom_srv_demo/cmake/ament_cmake_export_libraries-extras.cmake\n'}
[0.713368] (custom_srv_demo) StdoutLine: {'line': b'-- Up-to-date: /home/robotics/colcon_ws/install/custom_srv_demo/share/custom_srv_demo/cmake/ament_cmake_export_targets-extras.cmake\n'}
[0.713439] (custom_srv_demo) StdoutLine: {'line': b'-- Up-to-date: /home/robotics/colcon_ws/install/custom_srv_demo/share/custom_srv_demo/cmake/rosidl_cmake_export_typesupport_targets-extras.cmake\n'}
[0.713506] (custom_srv_demo) StdoutLine: {'line': b'-- Up-to-date: /home/robotics/colcon_ws/install/custom_srv_demo/share/custom_srv_demo/cmake/ament_cmake_export_dependencies-extras.cmake\n'}
[0.713574] (custom_srv_demo) StdoutLine: {'line': b'-- Up-to-date: /home/robotics/colcon_ws/install/custom_srv_demo/share/custom_srv_demo/cmake/rosidl_cmake_export_typesupport_libraries-extras.cmake\n'}
[0.713641] (custom_srv_demo) StdoutLine: {'line': b'-- Up-to-date: /home/robotics/colcon_ws/install/custom_srv_demo/share/custom_srv_demo/cmake/custom_srv_demoConfig.cmake\n'}
[0.713711] (custom_srv_demo) StdoutLine: {'line': b'-- Up-to-date: /home/robotics/colcon_ws/install/custom_srv_demo/share/custom_srv_demo/cmake/custom_srv_demoConfig-version.cmake\n'}
[0.713780] (custom_srv_demo) StdoutLine: {'line': b'-- Up-to-date: /home/robotics/colcon_ws/install/custom_srv_demo/share/custom_srv_demo/package.xml\n'}
[0.715934] (custom_srv_demo) CommandEnded: {'returncode': 0}
[0.718416] (custom_msg_demo) StdoutLine: {'line': b"Listing '/home/robotics/colcon_ws/install/custom_msg_demo/local/lib/python3.10/dist-packages/custom_msg_demo'...\n"}
[0.718795] (custom_msg_demo) StdoutLine: {'line': b"Listing '/home/robotics/colcon_ws/install/custom_msg_demo/local/lib/python3.10/dist-packages/custom_msg_demo/msg'...\n"}
[0.724735] (custom_msg_demo) StdoutLine: {'line': b'-- Up-to-date: /home/robotics/colcon_ws/install/custom_msg_demo/local/lib/python3.10/dist-packages/custom_msg_demo/custom_msg_demo_s__rosidl_typesupport_fastrtps_c.cpython-310-x86_64-linux-gnu.so\n'}
[0.725255] (custom_msg_demo) StdoutLine: {'line': b'-- Up-to-date: /home/robotics/colcon_ws/install/custom_msg_demo/local/lib/python3.10/dist-packages/custom_msg_demo/custom_msg_demo_s__rosidl_typesupport_introspection_c.cpython-310-x86_64-linux-gnu.so\n'}
[0.725860] (custom_msg_demo) StdoutLine: {'line': b'-- Up-to-date: /home/robotics/colcon_ws/install/custom_msg_demo/local/lib/python3.10/dist-packages/custom_msg_demo/custom_msg_demo_s__rosidl_typesupport_c.cpython-310-x86_64-linux-gnu.so\n'}
[0.726810] (custom_msg_demo) StdoutLine: {'line': b'-- Up-to-date: /home/robotics/colcon_ws/install/custom_msg_demo/lib/libcustom_msg_demo__rosidl_generator_py.so\n'}
[0.727125] (custom_msg_demo) StdoutLine: {'line': b'-- Up-to-date: /home/robotics/colcon_ws/install/custom_msg_demo/share/custom_msg_demo/msg/RobotStatus.idl\n'}
[0.727261] (custom_msg_demo) StdoutLine: {'line': b'-- Up-to-date: /home/robotics/colcon_ws/install/custom_msg_demo/share/custom_msg_demo/msg/RobotStatus.msg\n'}
[0.729148] (custom_msg_demo) StdoutLine: {'line': b'-- Up-to-date: /home/robotics/colcon_ws/install/custom_msg_demo/lib/custom_msg_demo/status_publisher\n'}
[0.729606] (custom_msg_demo) StdoutLine: {'line': b'-- Up-to-date: /home/robotics/colcon_ws/install/custom_msg_demo/lib/custom_msg_demo/status_subscriber\n'}
[0.729981] (custom_msg_demo) StdoutLine: {'line': b'-- Up-to-date: /home/robotics/colcon_ws/install/custom_msg_demo/share/ament_index/resource_index/package_run_dependencies/custom_msg_demo\n'}
[0.730377] (custom_msg_demo) StdoutLine: {'line': b'-- Up-to-date: /home/robotics/colcon_ws/install/custom_msg_demo/share/ament_index/resource_index/parent_prefix_path/custom_msg_demo\n'}
[0.730925] (custom_msg_demo) StdoutLine: {'line': b'-- Up-to-date: /home/robotics/colcon_ws/install/custom_msg_demo/share/custom_msg_demo/environment/ament_prefix_path.sh\n'}
[0.731176] (custom_msg_demo) StdoutLine: {'line': b'-- Up-to-date: /home/robotics/colcon_ws/install/custom_msg_demo/share/custom_msg_demo/environment/ament_prefix_path.dsv\n'}
[0.731311] (custom_msg_demo) StdoutLine: {'line': b'-- Up-to-date: /home/robotics/colcon_ws/install/custom_msg_demo/share/custom_msg_demo/environment/path.sh\n'}
[0.731436] (custom_msg_demo) StdoutLine: {'line': b'-- Up-to-date: /home/robotics/colcon_ws/install/custom_msg_demo/share/custom_msg_demo/environment/path.dsv\n'}
[0.731552] (custom_msg_demo) StdoutLine: {'line': b'-- Up-to-date: /home/robotics/colcon_ws/install/custom_msg_demo/share/custom_msg_demo/local_setup.bash\n'}
[0.731740] (custom_msg_demo) StdoutLine: {'line': b'-- Up-to-date: /home/robotics/colcon_ws/install/custom_msg_demo/share/custom_msg_demo/local_setup.sh\n'}
[0.731838] (custom_msg_demo) StdoutLine: {'line': b'-- Up-to-date: /home/robotics/colcon_ws/install/custom_msg_demo/share/custom_msg_demo/local_setup.zsh\n'}
[0.731976] (custom_msg_demo) StdoutLine: {'line': b'-- Up-to-date: /home/robotics/colcon_ws/install/custom_msg_demo/share/custom_msg_demo/local_setup.dsv\n'}
[0.732151] (custom_msg_demo) StdoutLine: {'line': b'-- Installing: /home/robotics/colcon_ws/install/custom_msg_demo/share/custom_msg_demo/package.dsv\n'}
[0.732744] (custom_msg_demo) StdoutLine: {'line': b'-- Up-to-date: /home/robotics/colcon_ws/install/custom_msg_demo/share/ament_index/resource_index/packages/custom_msg_demo\n'}
[0.733577] (custom_msg_demo) StdoutLine: {'line': b'-- Up-to-date: /home/robotics/colcon_ws/install/custom_msg_demo/share/custom_msg_demo/cmake/export_custom_msg_demo__rosidl_generator_cExport.cmake\n'}
[0.733755] (custom_msg_demo) StdoutLine: {'line': b'-- Up-to-date: /home/robotics/colcon_ws/install/custom_msg_demo/share/custom_msg_demo/cmake/export_custom_msg_demo__rosidl_generator_cExport-noconfig.cmake\n'}
[0.733897] (custom_msg_demo) StdoutLine: {'line': b'-- Up-to-date: /home/robotics/colcon_ws/install/custom_msg_demo/share/custom_msg_demo/cmake/export_custom_msg_demo__rosidl_typesupport_fastrtps_cExport.cmake\n'}
[0.734026] (custom_msg_demo) StdoutLine: {'line': b'-- Up-to-date: /home/robotics/colcon_ws/install/custom_msg_demo/share/custom_msg_demo/cmake/export_custom_msg_demo__rosidl_typesupport_fastrtps_cExport-noconfig.cmake\n'}
[0.734155] (custom_msg_demo) StdoutLine: {'line': b'-- Up-to-date: /home/robotics/colcon_ws/install/custom_msg_demo/share/custom_msg_demo/cmake/export_custom_msg_demo__rosidl_generator_cppExport.cmake\n'}
[0.734473] (custom_msg_demo) StdoutLine: {'line': b'-- Up-to-date: /home/robotics/colcon_ws/install/custom_msg_demo/share/custom_msg_demo/cmake/export_custom_msg_demo__rosidl_typesupport_fastrtps_cppExport.cmake\n'}
[0.734815] (custom_msg_demo) StdoutLine: {'line': b'-- Up-to-date: /home/robotics/colcon_ws/install/custom_msg_demo/share/custom_msg_demo/cmake/export_custom_msg_demo__rosidl_typesupport_fastrtps_cppExport-noconfig.cmake\n'}
[0.735485] (custom_msg_demo) StdoutLine: {'line': b'-- Up-to-date: /home/robotics/colcon_ws/install/custom_msg_demo/share/custom_msg_demo/cmake/custom_msg_demo__rosidl_typesupport_introspection_cExport.cmake\n'}
[0.736009] (custom_msg_demo) StdoutLine: {'line': b'-- Up-to-date: /home/robotics/colcon_ws/install/custom_msg_demo/share/custom_msg_demo/cmake/custom_msg_demo__rosidl_typesupport_introspection_cExport-noconfig.cmake\n'}
[0.736353] (custom_msg_demo) StdoutLine: {'line': b'-- Up-to-date: /home/robotics/colcon_ws/install/custom_msg_demo/share/custom_msg_demo/cmake/custom_msg_demo__rosidl_typesupport_cExport.cmake\n'}
[0.736721] (custom_msg_demo) StdoutLine: {'line': b'-- Up-to-date: /home/robotics/colcon_ws/install/custom_msg_demo/share/custom_msg_demo/cmake/custom_msg_demo__rosidl_typesupport_cExport-noconfig.cmake\n'}
[0.737264] (custom_msg_demo) StdoutLine: {'line': b'-- Up-to-date: /home/robotics/colcon_ws/install/custom_msg_demo/share/custom_msg_demo/cmake/custom_msg_demo__rosidl_typesupport_introspection_cppExport.cmake\n'}
[0.737395] (custom_msg_demo) StdoutLine: {'line': b'-- Up-to-date: /home/robotics/colcon_ws/install/custom_msg_demo/share/custom_msg_demo/cmake/custom_msg_demo__rosidl_typesupport_introspection_cppExport-noconfig.cmake\n'}
[0.737816] (custom_msg_demo) StdoutLine: {'line': b'-- Up-to-date: /home/robotics/colcon_ws/install/custom_msg_demo/share/custom_msg_demo/cmake/custom_msg_demo__rosidl_typesupport_cppExport.cmake\n'}
[0.738096] (custom_msg_demo) StdoutLine: {'line': b'-- Up-to-date: /home/robotics/colcon_ws/install/custom_msg_demo/share/custom_msg_demo/cmake/custom_msg_demo__rosidl_typesupport_cppExport-noconfig.cmake\n'}
[0.738905] (custom_msg_demo) StdoutLine: {'line': b'-- Up-to-date: /home/robotics/colcon_ws/install/custom_msg_demo/share/custom_msg_demo/cmake/export_custom_msg_demo__rosidl_generator_pyExport.cmake\n'}
[0.739096] (custom_msg_demo) StdoutLine: {'line': b'-- Up-to-date: /home/robotics/colcon_ws/install/custom_msg_demo/share/custom_msg_demo/cmake/export_custom_msg_demo__rosidl_generator_pyExport-noconfig.cmake\n'}
[0.739223] (custom_msg_demo) StdoutLine: {'line': b'-- Up-to-date: /home/robotics/colcon_ws/install/custom_msg_demo/share/custom_msg_demo/cmake/rosidl_cmake-extras.cmake\n'}
[0.739527] (custom_msg_demo) StdoutLine: {'line': b'-- Up-to-date: /home/robotics/colcon_ws/install/custom_msg_demo/share/custom_msg_demo/cmake/ament_cmake_export_include_directories-extras.cmake\n'}
[0.739706] (custom_msg_demo) StdoutLine: {'line': b'-- Up-to-date: /home/robotics/colcon_ws/install/custom_msg_demo/share/custom_msg_demo/cmake/ament_cmake_export_libraries-extras.cmake\n'}
[0.739885] (custom_msg_demo) StdoutLine: {'line': b'-- Up-to-date: /home/robotics/colcon_ws/install/custom_msg_demo/share/custom_msg_demo/cmake/ament_cmake_export_targets-extras.cmake\n'}
[0.740042] (custom_msg_demo) StdoutLine: {'line': b'-- Up-to-date: /home/robotics/colcon_ws/install/custom_msg_demo/share/custom_msg_demo/cmake/rosidl_cmake_export_typesupport_targets-extras.cmake\n'}
[0.740197] (custom_msg_demo) StdoutLine: {'line': b'-- Up-to-date: /home/robotics/colcon_ws/install/custom_msg_demo/share/custom_msg_demo/cmake/ament_cmake_export_dependencies-extras.cmake\n'}
[0.740375] (custom_msg_demo) StdoutLine: {'line': b'-- Up-to-date: /home/robotics/colcon_ws/install/custom_msg_demo/share/custom_msg_demo/cmake/rosidl_cmake_export_typesupport_libraries-extras.cmake\n'}
[0.740530] (custom_msg_demo) StdoutLine: {'line': b'-- Up-to-date: /home/robotics/colcon_ws/install/custom_msg_demo/share/custom_msg_demo/cmake/custom_msg_demoConfig.cmake\n'}
[0.740738] (custom_msg_demo) StdoutLine: {'line': b'-- Up-to-date: /home/robotics/colcon_ws/install/custom_msg_demo/share/custom_msg_demo/cmake/custom_msg_demoConfig-version.cmake\n'}
[0.740866] (custom_msg_demo) StdoutLine: {'line': b'-- Up-to-date: /home/robotics/colcon_ws/install/custom_msg_demo/share/custom_msg_demo/package.xml\n'}
[0.746000] (custom_srv_demo) JobEnded: {'identifier': 'custom_srv_demo', 'rc': 0}
[0.747583] (custom_msg_demo) CommandEnded: {'returncode': 0}
[0.759764] (cpp_parameter_showcase) StdoutLine: {'line': b'-- Detecting CXX compiler ABI info - done\n'}
[0.764977] (custom_msg_demo) JobEnded: {'identifier': 'custom_msg_demo', 'rc': 0}
[0.765635] (cpp_parameter_showcase) StdoutLine: {'line': b'-- Check for working CXX compiler: /usr/bin/c++ - skipped\n'}
[0.765761] (cpp_parameter_showcase) StdoutLine: {'line': b'-- Detecting CXX compile features\n'}
[0.766004] (cpp_parameter_showcase) StdoutLine: {'line': b'-- Detecting CXX compile features - done\n'}
[0.781094] (cpp_parameter_showcase) StdoutLine: {'line': b'-- Found ament_cmake: 1.3.13 (/opt/ros/humble/share/ament_cmake/cmake)\n'}
[0.804409] (-) TimerEvent: {}
[0.904935] (-) TimerEvent: {}
[0.921016] (cpp_parameter_showcase) StdoutLine: {'line': b'-- Found Python3: /usr/bin/python3 (found version "3.10.12") found components: Interpreter \n'}
[1.005181] (-) TimerEvent: {}
[1.082933] (cpp_parameter_showcase) StdoutLine: {'line': b'-- Found rclcpp: 16.0.18 (/opt/ros/humble/share/rclcpp/cmake)\n'}
[1.105428] (-) TimerEvent: {}
[1.203279] (cpp_parameter_showcase) StdoutLine: {'line': b'-- Found rosidl_generator_c: 3.1.8 (/opt/ros/humble/share/rosidl_generator_c/cmake)\n'}
[1.205601] (-) TimerEvent: {}
[1.214272] (cpp_parameter_showcase) StdoutLine: {'line': b'-- Found rosidl_adapter: 3.1.8 (/opt/ros/humble/share/rosidl_adapter/cmake)\n'}
[1.233598] (cpp_parameter_showcase) StdoutLine: {'line': b'-- Found rosidl_generator_cpp: 3.1.8 (/opt/ros/humble/share/rosidl_generator_cpp/cmake)\n'}
[1.267035] (cpp_parameter_showcase) StdoutLine: {'line': b'-- Using all available rosidl_typesupport_c: rosidl_typesupport_fastrtps_c;rosidl_typesupport_introspection_c\n'}
[1.305859] (-) TimerEvent: {}
[1.306237] (cpp_parameter_showcase) StdoutLine: {'line': b'-- Using all available rosidl_typesupport_cpp: rosidl_typesupport_fastrtps_cpp;rosidl_typesupport_introspection_cpp\n'}
[1.398008] (cpp_parameter_showcase) StdoutLine: {'line': b'-- Found rmw_implementation_cmake: 6.1.2 (/opt/ros/humble/share/rmw_implementation_cmake/cmake)\n'}
[1.406176] (-) TimerEvent: {}
[1.406558] (cpp_parameter_showcase) StdoutLine: {'line': b'-- Found rmw_fastrtps_cpp: 6.2.10 (/opt/ros/humble/share/rmw_fastrtps_cpp/cmake)\n'}
[1.506357] (-) TimerEvent: {}
[1.583452] (cpp_parameter_showcase) StdoutLine: {'line': b'-- Found OpenSSL: /usr/lib/x86_64-linux-gnu/libcrypto.so (found version "3.0.2")  \n'}
[1.606731] (-) TimerEvent: {}
[1.617203] (cpp_parameter_showcase) StdoutLine: {'line': b'-- Found FastRTPS: /opt/ros/humble/include  \n'}
[1.661761] (cpp_parameter_showcase) StdoutLine: {'line': b"-- Using RMW implementation 'rmw_fastrtps_cpp' as default\n"}
[1.687120] (cpp_parameter_showcase) StdoutLine: {'line': b'-- Looking for pthread.h\n'}
[1.706956] (-) TimerEvent: {}
[1.765993] (cpp_parameter_showcase) StdoutLine: {'line': b'-- Looking for pthread.h - found\n'}
[1.766472] (cpp_parameter_showcase) StdoutLine: {'line': b'-- Performing Test CMAKE_HAVE_LIBC_PTHREAD\n'}
[1.807132] (-) TimerEvent: {}
[1.830097] (cpp_parameter_showcase) StdoutLine: {'line': b'-- Performing Test CMAKE_HAVE_LIBC_PTHREAD - Success\n'}
[1.830919] (cpp_parameter_showcase) StdoutLine: {'line': b'-- Found Threads: TRUE  \n'}
[1.907292] (-) TimerEvent: {}
[1.994033] (cpp_parameter_showcase) StdoutLine: {'line': b'-- Configuring done\n'}
[2.007497] (-) TimerEvent: {}
[2.016799] (cpp_parameter_showcase) StdoutLine: {'line': b'-- Generating done\n'}
[2.023944] (cpp_parameter_showcase) StdoutLine: {'line': b'-- Build files have been written to: /home/robotics/colcon_ws/build/cpp_parameter_showcase\n'}
[2.032808] (cpp_parameter_showcase) CommandEnded: {'returncode': 0}
[2.034821] (cpp_parameter_showcase) JobProgress: {'identifier': 'cpp_parameter_showcase', 'progress': 'build'}
[2.034891] (cpp_parameter_showcase) Command: {'cmd': ['/usr/bin/cmake', '--build', '/home/robotics/colcon_ws/build/cpp_parameter_showcase', '--', '-j8', '-l8'], 'cwd': '/home/robotics/colcon_ws/build/cpp_parameter_showcase', 'env': OrderedDict([('TMUX', '/tmp/tmux-1001/default,34,1'), ('HOSTNAME', 'OrdiJean'), ('SHLVL', '2'), ('LD_LIBRARY_PATH', '/usr/lib/x86_64-linux-gnu/gazebo-11/plugins:/opt/ros/humble/opt/rviz_ogre_vendor/lib:/opt/ros/humble/lib/x86_64-linux-gnu:/opt/ros/humble/lib'), ('HOME', '/home/robotics'), ('OLDPWD', '/home/robotics/colcon_ws/src'), ('TERM_PROGRAM_VERSION', '3.2a'), ('ROS_PYTHON_VERSION', '3'), ('ROS_DISTRO', 'humble'), ('IGN_GAZEBO_MODEL_PATH', '/opt/ros/humble/share'), ('_', '/usr/bin/colcon'), ('ROS_VERSION', '2'), ('TERM', 'screen'), ('GAZEBO_MODEL_PATH', '/opt/ros/humble/share'), ('ROS_LOCALHOST_ONLY', '0'), ('QT_X11_NO_MITSHM', '1'), ('PATH', '/opt/ros/humble/bin:/usr/local/sbin:/usr/local/bin:/usr/sbin:/usr/bin:/sbin:/bin'), ('DISPLAY', ':0'), ('LANG', 'C.UTF-8'), ('LS_COLORS', 'rs=0:di=01;34:ln=01;36:mh=00:pi=40;33:so=01;35:do=01;35:bd=40;33;01:cd=40;33;01:or=40;31;01:mi=00:su=37;41:sg=30;43:ca=30;41:tw=30;42:ow=34;42:st=37;44:ex=01;32:*.tar=01;31:*.tgz=01;31:*.arc=01;31:*.arj=01;31:*.taz=01;31:*.lha=01;31:*.lz4=01;31:*.lzh=01;31:*.lzma=01;31:*.tlz=01;31:*.txz=01;31:*.tzo=01;31:*.t7z=01;31:*.zip=01;31:*.z=01;31:*.dz=01;31:*.gz=01;31:*.lrz=01;31:*.lz=01;31:*.lzo=01;31:*.xz=01;31:*.zst=01;31:*.tzst=01;31:*.bz2=01;31:*.bz=01;31:*.tbz=01;31:*.tbz2=01;31:*.tz=01;31:*.deb=01;31:*.rpm=01;31:*.jar=01;31:*.war=01;31:*.ear=01;31:*.sar=01;31:*.rar=01;31:*.alz=01;31:*.ace=01;31:*.zoo=01;31:*.cpio=01;31:*.7z=01;31:*.rz=01;31:*.cab=01;31:*.wim=01;31:*.swm=01;31:*.dwm=01;31:*.esd=01;31:*.jpg=01;35:*.jpeg=01;35:*.mjpg=01;35:*.mjpeg=01;35:*.gif=01;35:*.bmp=01;35:*.pbm=01;35:*.pgm=01;35:*.ppm=01;35:*.tga=01;35:*.xbm=01;35:*.xpm=01;35:*.tif=01;35:*.tiff=01;35:*.png=01;35:*.svg=01;35:*.svgz=01;35:*.mng=01;35:*.pcx=01;35:*.mov=01;35:*.mpg=01;35:*.mpeg=01;35:*.m2v=01;35:*.mkv=01;35:*.webm=01;35:*.webp=01;35:*.ogm=01;35:*.mp4=01;35:*.m4v=01;35:*.mp4v=01;35:*.vob=01;35:*.qt=01;35:*.nuv=01;35:*.wmv=01;35:*.asf=01;35:*.rm=01;35:*.rmvb=01;35:*.flc=01;35:*.avi=01;35:*.fli=01;35:*.flv=01;35:*.gl=01;35:*.dl=01;35:*.xcf=01;35:*.xwd=01;35:*.yuv=01;35:*.cgm=01;35:*.emf=01;35:*.ogv=01;35:*.ogx=01;35:*.aac=00;36:*.au=00;36:*.flac=00;36:*.m4a=00;36:*.mid=00;36:*.midi=00;36:*.mka=00;36:*.mp3=00;36:*.mpc=00;36:*.ogg=00;36:*.ra=00;36:*.wav=00;36:*.oga=00;36:*.opus=00;36:*.spx=00;36:*.xspf=00;36:'), ('TERM_PROGRAM', 'tmux'), ('AMENT_PREFIX_PATH', '/opt/ros/humble'), ('DEBIAN_FRONTEND', 'noninteractive'), ('SHELL', '/bin/bash'), ('IGN_GAZEBO_RESOURCE_PATH', '/opt/ros/humble/share'), ('GAZEBO_RESOURCE_PATH', '/opt/ros/humble/share'), ('PWD', '/home/robotics/colcon_ws/build/cpp_parameter_showcase'), ('LC_ALL', 'C.UTF-8'), ('PYTHONPATH', '/opt/ros/humble/lib/python3.10/site-packages:/opt/ros/humble/local/lib/python3.10/dist-packages'), ('COLCON', '1'), ('TMUX_PANE', '%3'), ('CMAKE_PREFIX_PATH', '/opt/ros/humble')]), 'shell': False}
[2.086856] (cpp_parameter_showcase) StdoutLine: {'line': b'[ 50%] \x1b[32mBuilding CXX object CMakeFiles/validated_parameters_node.dir/src/validated_parameters_node.cpp.o\x1b[0m\n'}
[2.087096] (cpp_parameter_showcase) StdoutLine: {'line': b'[ 50%] \x1b[32mBuilding CXX object CMakeFiles/basic_parameters_node.dir/src/basic_parameters_node.cpp.o\x1b[0m\n'}
[2.087172] (cpp_parameter_showcase) StdoutLine: {'line': b'[ 50%] \x1b[32mBuilding CXX object CMakeFiles/flexible_parameters_node.dir/src/flexible_parameters_node.cpp.o\x1b[0m\n'}
[2.087235] (cpp_parameter_showcase) StdoutLine: {'line': b'[ 50%] \x1b[32mBuilding CXX object CMakeFiles/local_only_parameters_node.dir/src/local_only_parameters_node.cpp.o\x1b[0m\n'}
[2.087300] (cpp_parameter_showcase) StdoutLine: {'line': b'[ 50%] \x1b[32mBuilding CXX object CMakeFiles/parameter_monitor_node.dir/src/parameter_monitor_node.cpp.o\x1b[0m\n'}
[2.107697] (-) TimerEvent: {}
[2.208092] (-) TimerEvent: {}
[2.308534] (-) TimerEvent: {}
[2.408898] (-) TimerEvent: {}
[2.509388] (-) TimerEvent: {}
[2.609886] (-) TimerEvent: {}
[2.710338] (-) TimerEvent: {}
[2.810877] (-) TimerEvent: {}
[2.911337] (-) TimerEvent: {}
[3.011744] (-) TimerEvent: {}
[3.112201] (-) TimerEvent: {}
[3.212647] (-) TimerEvent: {}
[3.313053] (-) TimerEvent: {}
[3.413480] (-) TimerEvent: {}
[3.513886] (-) TimerEvent: {}
[3.614312] (-) TimerEvent: {}
[3.714838] (-) TimerEvent: {}
[3.815254] (-) TimerEvent: {}
[3.916072] (-) TimerEvent: {}
[4.016501] (-) TimerEvent: {}
[4.117029] (-) TimerEvent: {}
[4.217532] (-) TimerEvent: {}
[4.318061] (-) TimerEvent: {}
[4.418518] (-) TimerEvent: {}
[4.518975] (-) TimerEvent: {}
[4.619440] (-) TimerEvent: {}
[4.719919] (-) TimerEvent: {}
[4.820444] (-) TimerEvent: {}
[4.920954] (-) TimerEvent: {}
[5.021397] (-) TimerEvent: {}
[5.122012] (-) TimerEvent: {}
[5.222539] (-) TimerEvent: {}
[5.323116] (-) TimerEvent: {}
[5.423607] (-) TimerEvent: {}
[5.524227] (-) TimerEvent: {}
[5.624935] (-) TimerEvent: {}
[5.725541] (-) TimerEvent: {}
[5.826045] (-) TimerEvent: {}
[5.926601] (-) TimerEvent: {}
[6.027146] (-) TimerEvent: {}
[6.127665] (-) TimerEvent: {}
[6.228163] (-) TimerEvent: {}
[6.328710] (-) TimerEvent: {}
[6.429125] (-) TimerEvent: {}
[6.529628] (-) TimerEvent: {}
[6.567798] (cpp_parameter_showcase) StdoutLine: {'line': b'[ 60%] \x1b[32m\x1b[1mLinking CXX executable local_only_parameters_node\x1b[0m\n'}
[6.629779] (-) TimerEvent: {}
[6.657132] (cpp_parameter_showcase) StdoutLine: {'line': b'[ 70%] \x1b[32m\x1b[1mLinking CXX executable basic_parameters_node\x1b[0m\n'}
[6.667672] (cpp_parameter_showcase) StdoutLine: {'line': b'[ 80%] \x1b[32m\x1b[1mLinking CXX executable flexible_parameters_node\x1b[0m\n'}
[6.730038] (-) TimerEvent: {}
[6.753957] (cpp_parameter_showcase) StdoutLine: {'line': b'[ 90%] \x1b[32m\x1b[1mLinking CXX executable validated_parameters_node\x1b[0m\n'}
[6.780353] (cpp_parameter_showcase) StdoutLine: {'line': b'[ 90%] Built target local_only_parameters_node\n'}
[6.810146] (cpp_parameter_showcase) StdoutLine: {'line': b'[ 90%] Built target basic_parameters_node\n'}
[6.824094] (cpp_parameter_showcase) StdoutLine: {'line': b'[ 90%] Built target flexible_parameters_node\n'}
[6.830312] (-) TimerEvent: {}
[6.893897] (cpp_parameter_showcase) StdoutLine: {'line': b'[ 90%] Built target validated_parameters_node\n'}
[6.930507] (-) TimerEvent: {}
[7.030876] (-) TimerEvent: {}
[7.131432] (-) TimerEvent: {}
[7.231986] (-) TimerEvent: {}
[7.332579] (-) TimerEvent: {}
[7.433050] (-) TimerEvent: {}
[7.533508] (-) TimerEvent: {}
[7.633968] (-) TimerEvent: {}
[7.734483] (-) TimerEvent: {}
[7.835108] (-) TimerEvent: {}
[7.935566] (-) TimerEvent: {}
[8.036002] (-) TimerEvent: {}
[8.136474] (-) TimerEvent: {}
[8.236941] (-) TimerEvent: {}
[8.337548] (-) TimerEvent: {}
[8.438026] (-) TimerEvent: {}
[8.538529] (-) TimerEvent: {}
[8.639192] (-) TimerEvent: {}
[8.739938] (-) TimerEvent: {}
[8.840400] (-) TimerEvent: {}
[8.940930] (-) TimerEvent: {}
[9.041443] (-) TimerEvent: {}
[9.141917] (-) TimerEvent: {}
[9.242453] (-) TimerEvent: {}
[9.342815] (-) TimerEvent: {}
[9.443287] (-) TimerEvent: {}
[9.543852] (-) TimerEvent: {}
[9.644455] (-) TimerEvent: {}
[9.745006] (-) TimerEvent: {}
[9.845603] (-) TimerEvent: {}
[9.946169] (-) TimerEvent: {}
[10.046598] (-) TimerEvent: {}
[10.147154] (-) TimerEvent: {}
[10.247600] (-) TimerEvent: {}
[10.347927] (-) TimerEvent: {}
[10.448335] (-) TimerEvent: {}
[10.548782] (-) TimerEvent: {}
[10.649219] (-) TimerEvent: {}
[10.749791] (-) TimerEvent: {}
[10.850276] (-) TimerEvent: {}
[10.931231] (cpp_parameter_showcase) StdoutLine: {'line': b'[100%] \x1b[32m\x1b[1mLinking CXX executable parameter_monitor_node\x1b[0m\n'}
[10.950526] (-) TimerEvent: {}
[11.050910] (-) TimerEvent: {}
[11.151374] (-) TimerEvent: {}
[11.251781] (-) TimerEvent: {}
[11.279830] (cpp_parameter_showcase) StdoutLine: {'line': b'[100%] Built target parameter_monitor_node\n'}
[11.291232] (cpp_parameter_showcase) CommandEnded: {'returncode': 0}
[11.292010] (cpp_parameter_showcase) JobProgress: {'identifier': 'cpp_parameter_showcase', 'progress': 'install'}
[11.293325] (cpp_parameter_showcase) Command: {'cmd': ['/usr/bin/cmake', '--install', '/home/robotics/colcon_ws/build/cpp_parameter_showcase'], 'cwd': '/home/robotics/colcon_ws/build/cpp_parameter_showcase', 'env': OrderedDict([('TMUX', '/tmp/tmux-1001/default,34,1'), ('HOSTNAME', 'OrdiJean'), ('SHLVL', '2'), ('LD_LIBRARY_PATH', '/usr/lib/x86_64-linux-gnu/gazebo-11/plugins:/opt/ros/humble/opt/rviz_ogre_vendor/lib:/opt/ros/humble/lib/x86_64-linux-gnu:/opt/ros/humble/lib'), ('HOME', '/home/robotics'), ('OLDPWD', '/home/robotics/colcon_ws/src'), ('TERM_PROGRAM_VERSION', '3.2a'), ('ROS_PYTHON_VERSION', '3'), ('ROS_DISTRO', 'humble'), ('IGN_GAZEBO_MODEL_PATH', '/opt/ros/humble/share'), ('_', '/usr/bin/colcon'), ('ROS_VERSION', '2'), ('TERM', 'screen'), ('GAZEBO_MODEL_PATH', '/opt/ros/humble/share'), ('ROS_LOCALHOST_ONLY', '0'), ('QT_X11_NO_MITSHM', '1'), ('PATH', '/opt/ros/humble/bin:/usr/local/sbin:/usr/local/bin:/usr/sbin:/usr/bin:/sbin:/bin'), ('DISPLAY', ':0'), ('LANG', 'C.UTF-8'), ('LS_COLORS', 'rs=0:di=01;34:ln=01;36:mh=00:pi=40;33:so=01;35:do=01;35:bd=40;33;01:cd=40;33;01:or=40;31;01:mi=00:su=37;41:sg=30;43:ca=30;41:tw=30;42:ow=34;42:st=37;44:ex=01;32:*.tar=01;31:*.tgz=01;31:*.arc=01;31:*.arj=01;31:*.taz=01;31:*.lha=01;31:*.lz4=01;31:*.lzh=01;31:*.lzma=01;31:*.tlz=01;31:*.txz=01;31:*.tzo=01;31:*.t7z=01;31:*.zip=01;31:*.z=01;31:*.dz=01;31:*.gz=01;31:*.lrz=01;31:*.lz=01;31:*.lzo=01;31:*.xz=01;31:*.zst=01;31:*.tzst=01;31:*.bz2=01;31:*.bz=01;31:*.tbz=01;31:*.tbz2=01;31:*.tz=01;31:*.deb=01;31:*.rpm=01;31:*.jar=01;31:*.war=01;31:*.ear=01;31:*.sar=01;31:*.rar=01;31:*.alz=01;31:*.ace=01;31:*.zoo=01;31:*.cpio=01;31:*.7z=01;31:*.rz=01;31:*.cab=01;31:*.wim=01;31:*.swm=01;31:*.dwm=01;31:*.esd=01;31:*.jpg=01;35:*.jpeg=01;35:*.mjpg=01;35:*.mjpeg=01;35:*.gif=01;35:*.bmp=01;35:*.pbm=01;35:*.pgm=01;35:*.ppm=01;35:*.tga=01;35:*.xbm=01;35:*.xpm=01;35:*.tif=01;35:*.tiff=01;35:*.png=01;35:*.svg=01;35:*.svgz=01;35:*.mng=01;35:*.pcx=01;35:*.mov=01;35:*.mpg=01;35:*.mpeg=01;35:*.m2v=01;35:*.mkv=01;35:*.webm=01;35:*.webp=01;35:*.ogm=01;35:*.mp4=01;35:*.m4v=01;35:*.mp4v=01;35:*.vob=01;35:*.qt=01;35:*.nuv=01;35:*.wmv=01;35:*.asf=01;35:*.rm=01;35:*.rmvb=01;35:*.flc=01;35:*.avi=01;35:*.fli=01;35:*.flv=01;35:*.gl=01;35:*.dl=01;35:*.xcf=01;35:*.xwd=01;35:*.yuv=01;35:*.cgm=01;35:*.emf=01;35:*.ogv=01;35:*.ogx=01;35:*.aac=00;36:*.au=00;36:*.flac=00;36:*.m4a=00;36:*.mid=00;36:*.midi=00;36:*.mka=00;36:*.mp3=00;36:*.mpc=00;36:*.ogg=00;36:*.ra=00;36:*.wav=00;36:*.oga=00;36:*.opus=00;36:*.spx=00;36:*.xspf=00;36:'), ('TERM_PROGRAM', 'tmux'), ('AMENT_PREFIX_PATH', '/opt/ros/humble'), ('DEBIAN_FRONTEND', 'noninteractive'), ('SHELL', '/bin/bash'), ('IGN_GAZEBO_RESOURCE_PATH', '/opt/ros/humble/share'), ('GAZEBO_RESOURCE_PATH', '/opt/ros/humble/share'), ('PWD', '/home/robotics/colcon_ws/build/cpp_parameter_showcase'), ('LC_ALL', 'C.UTF-8'), ('PYTHONPATH', '/opt/ros/humble/lib/python3.10/site-packages:/opt/ros/humble/local/lib/python3.10/dist-packages'), ('COLCON', '1'), ('TMUX_PANE', '%3'), ('CMAKE_PREFIX_PATH', '/opt/ros/humble')]), 'shell': False}
[11.299941] (cpp_parameter_showcase) StdoutLine: {'line': b'-- Install configuration: ""\n'}
[11.300742] (cpp_parameter_showcase) StdoutLine: {'line': b'-- Installing: /home/robotics/colcon_ws/install/cpp_parameter_showcase/lib/cpp_parameter_showcase/basic_parameters_node\n'}
[11.301166] (cpp_parameter_showcase) StdoutLine: {'line': b'-- Set runtime path of "/home/robotics/colcon_ws/install/cpp_parameter_showcase/lib/cpp_parameter_showcase/basic_parameters_node" to ""\n'}
[11.301974] (cpp_parameter_showcase) StdoutLine: {'line': b'-- Installing: /home/robotics/colcon_ws/install/cpp_parameter_showcase/lib/cpp_parameter_showcase/validated_parameters_node\n'}
[11.302252] (cpp_parameter_showcase) StdoutLine: {'line': b'-- Set runtime path of "/home/robotics/colcon_ws/install/cpp_parameter_showcase/lib/cpp_parameter_showcase/validated_parameters_node" to ""\n'}
[11.302340] (cpp_parameter_showcase) StdoutLine: {'line': b'-- Installing: /home/robotics/colcon_ws/install/cpp_parameter_showcase/lib/cpp_parameter_showcase/parameter_monitor_node\n'}
[11.304265] (cpp_parameter_showcase) StdoutLine: {'line': b'-- Set runtime path of "/home/robotics/colcon_ws/install/cpp_parameter_showcase/lib/cpp_parameter_showcase/parameter_monitor_node" to ""\n'}
[11.304365] (cpp_parameter_showcase) StdoutLine: {'line': b'-- Installing: /home/robotics/colcon_ws/install/cpp_parameter_showcase/lib/cpp_parameter_showcase/flexible_parameters_node\n'}
[11.304554] (cpp_parameter_showcase) StdoutLine: {'line': b'-- Set runtime path of "/home/robotics/colcon_ws/install/cpp_parameter_showcase/lib/cpp_parameter_showcase/flexible_parameters_node" to ""\n'}
[11.304636] (cpp_parameter_showcase) StdoutLine: {'line': b'-- Installing: /home/robotics/colcon_ws/install/cpp_parameter_showcase/lib/cpp_parameter_showcase/local_only_parameters_node\n'}
[11.305067] (cpp_parameter_showcase) StdoutLine: {'line': b'-- Set runtime path of "/home/robotics/colcon_ws/install/cpp_parameter_showcase/lib/cpp_parameter_showcase/local_only_parameters_node" to ""\n'}
[11.305184] (cpp_parameter_showcase) StdoutLine: {'line': b'-- Installing: /home/robotics/colcon_ws/install/cpp_parameter_showcase/share/cpp_parameter_showcase/launch\n'}
[11.306649] (cpp_parameter_showcase) StdoutLine: {'line': b'-- Installing: /home/robotics/colcon_ws/install/cpp_parameter_showcase/share/cpp_parameter_showcase/launch/parameter_showcase.launch.py:Zone.Identifier\n'}
[11.307465] (cpp_parameter_showcase) StdoutLine: {'line': b'-- Installing: /home/robotics/colcon_ws/install/cpp_parameter_showcase/share/cpp_parameter_showcase/launch/parameter_showcase.launch.py\n'}
[11.308181] (cpp_parameter_showcase) StdoutLine: {'line': b'-- Installing: /home/robotics/colcon_ws/install/cpp_parameter_showcase/share/cpp_parameter_showcase/config\n'}
[11.309015] (cpp_parameter_showcase) StdoutLine: {'line': b'-- Installing: /home/robotics/colcon_ws/install/cpp_parameter_showcase/share/cpp_parameter_showcase/config/demo_params.yaml:Zone.Identifier\n'}
[11.309761] (cpp_parameter_showcase) StdoutLine: {'line': b'-- Installing: /home/robotics/colcon_ws/install/cpp_parameter_showcase/share/cpp_parameter_showcase/config/demo_params.yaml\n'}
[11.310913] (cpp_parameter_showcase) StdoutLine: {'line': b'-- Installing: /home/robotics/colcon_ws/install/cpp_parameter_showcase/share/ament_index/resource_index/package_run_dependencies/cpp_parameter_showcase\n'}
[11.311241] (cpp_parameter_showcase) StdoutLine: {'line': b'-- Installing: /home/robotics/colcon_ws/install/cpp_parameter_showcase/share/ament_index/resource_index/parent_prefix_path/cpp_parameter_showcase\n'}
[11.311486] (cpp_parameter_showcase) StdoutLine: {'line': b'-- Installing: /home/robotics/colcon_ws/install/cpp_parameter_showcase/share/cpp_parameter_showcase/environment/ament_prefix_path.sh\n'}
[11.311776] (cpp_parameter_showcase) StdoutLine: {'line': b'-- Installing: /home/robotics/colcon_ws/install/cpp_parameter_showcase/share/cpp_parameter_showcase/environment/ament_prefix_path.dsv\n'}
[11.311867] (cpp_parameter_showcase) StdoutLine: {'line': b'-- Installing: /home/robotics/colcon_ws/install/cpp_parameter_showcase/share/cpp_parameter_showcase/environment/path.sh\n'}
[11.312030] (cpp_parameter_showcase) StdoutLine: {'line': b'-- Installing: /home/robotics/colcon_ws/install/cpp_parameter_showcase/share/cpp_parameter_showcase/environment/path.dsv\n'}
[11.312250] (cpp_parameter_showcase) StdoutLine: {'line': b'-- Installing: /home/robotics/colcon_ws/install/cpp_parameter_showcase/share/cpp_parameter_showcase/local_setup.bash\n'}
[11.312390] (cpp_parameter_showcase) StdoutLine: {'line': b'-- Installing: /home/robotics/colcon_ws/install/cpp_parameter_showcase/share/cpp_parameter_showcase/local_setup.sh\n'}
[11.312633] (cpp_parameter_showcase) StdoutLine: {'line': b'-- Installing: /home/robotics/colcon_ws/install/cpp_parameter_showcase/share/cpp_parameter_showcase/local_setup.zsh\n'}
[11.312717] (cpp_parameter_showcase) StdoutLine: {'line': b'-- Installing: /home/robotics/colcon_ws/install/cpp_parameter_showcase/share/cpp_parameter_showcase/local_setup.dsv\n'}
[11.312763] (cpp_parameter_showcase) StdoutLine: {'line': b'-- Installing: /home/robotics/colcon_ws/install/cpp_parameter_showcase/share/cpp_parameter_showcase/package.dsv\n'}
[11.312955] (cpp_parameter_showcase) StdoutLine: {'line': b'-- Installing: /home/robotics/colcon_ws/install/cpp_parameter_showcase/share/ament_index/resource_index/packages/cpp_parameter_showcase\n'}
[11.313215] (cpp_parameter_showcase) StdoutLine: {'line': b'-- Installing: /home/robotics/colcon_ws/install/cpp_parameter_showcase/share/cpp_parameter_showcase/cmake/cpp_parameter_showcaseConfig.cmake\n'}
[11.313423] (cpp_parameter_showcase) StdoutLine: {'line': b'-- Installing: /home/robotics/colcon_ws/install/cpp_parameter_showcase/share/cpp_parameter_showcase/cmake/cpp_parameter_showcaseConfig-version.cmake\n'}
[11.313488] (cpp_parameter_showcase) StdoutLine: {'line': b'-- Installing: /home/robotics/colcon_ws/install/cpp_parameter_showcase/share/cpp_parameter_showcase/package.xml\n'}
[11.315392] (cpp_parameter_showcase) CommandEnded: {'returncode': 0}
[11.326052] (cpp_parameter_showcase) JobEnded: {'identifier': 'cpp_parameter_showcase', 'rc': 0}
[11.326925] (-) EventReactorShutdown: {}
