[0.000000] (-) TimerEvent: {}
[0.000526] (cpp_pubsub) JobQueued: {'identifier': 'cpp_pubsub', 'dependencies': OrderedDict()}
[0.000668] (custom_msg_demo) JobQueued: {'identifier': 'custom_msg_demo', 'dependencies': OrderedDict()}
[0.000766] (custom_srv_demo) JobQueued: {'identifier': 'custom_srv_demo', 'dependencies': OrderedDict()}
[0.001838] (cpp_pubsub) JobStarted: {'identifier': 'cpp_pubsub'}
[0.024596] (custom_msg_demo) JobStarted: {'identifier': 'custom_msg_demo'}
[0.030347] (custom_srv_demo) JobStarted: {'identifier': 'custom_srv_demo'}
[0.036875] (cpp_pubsub) JobProgress: {'identifier': 'cpp_pubsub', 'progress': 'cmake'}
[0.038323] (cpp_pubsub) JobProgress: {'identifier': 'cpp_pubsub', 'progress': 'build'}
[0.039146] (cpp_pubsub) Command: {'cmd': ['/usr/bin/cmake', '--build', '/home/robotics/colcon_ws/build/cpp_pubsub', '--', '-j8', '-l8'], 'cwd': '/home/robotics/colcon_ws/build/cpp_pubsub', 'env': OrderedDict([('TMUX', '/tmp/tmux-1001/default,34,0'), ('HOSTNAME', 'OrdiJean'), ('SHLVL', '2'), ('LD_LIBRARY_PATH', '/home/robotics/colcon_ws/install/custom_msg_demo/lib:/usr/lib/x86_64-linux-gnu/gazebo-11/plugins:/opt/ros/humble/opt/rviz_ogre_vendor/lib:/opt/ros/humble/lib/x86_64-linux-gnu:/opt/ros/humble/lib'), ('HOME', '/home/robotics'), ('OLDPWD', '/home/robotics/colcon_ws/src'), ('TERM_PROGRAM_VERSION', '3.2a'), ('ROS_PYTHON_VERSION', '3'), ('COLCON_PREFIX_PATH', '/home/robotics/colcon_ws/install'), ('ROS_DISTRO', 'humble'), ('IGN_GAZEBO_MODEL_PATH', '/opt/ros/humble/share'), ('_', '/usr/bin/colcon'), ('ROS_VERSION', '2'), ('TERM', 'screen'), ('GAZEBO_MODEL_PATH', '/opt/ros/humble/share'), ('ROS_LOCALHOST_ONLY', '0'), ('QT_X11_NO_MITSHM', '1'), ('PATH', '/opt/ros/humble/bin:/usr/local/sbin:/usr/local/bin:/usr/sbin:/usr/bin:/sbin:/bin'), ('DISPLAY', ':0'), ('LANG', 'C.UTF-8'), ('LS_COLORS', 'rs=0:di=01;34:ln=01;36:mh=00:pi=40;33:so=01;35:do=01;35:bd=40;33;01:cd=40;33;01:or=40;31;01:mi=00:su=37;41:sg=30;43:ca=30;41:tw=30;42:ow=34;42:st=37;44:ex=01;32:*.tar=01;31:*.tgz=01;31:*.arc=01;31:*.arj=01;31:*.taz=01;31:*.lha=01;31:*.lz4=01;31:*.lzh=01;31:*.lzma=01;31:*.tlz=01;31:*.txz=01;31:*.tzo=01;31:*.t7z=01;31:*.zip=01;31:*.z=01;31:*.dz=01;31:*.gz=01;31:*.lrz=01;31:*.lz=01;31:*.lzo=01;31:*.xz=01;31:*.zst=01;31:*.tzst=01;31:*.bz2=01;31:*.bz=01;31:*.tbz=01;31:*.tbz2=01;31:*.tz=01;31:*.deb=01;31:*.rpm=01;31:*.jar=01;31:*.war=01;31:*.ear=01;31:*.sar=01;31:*.rar=01;31:*.alz=01;31:*.ace=01;31:*.zoo=01;31:*.cpio=01;31:*.7z=01;31:*.rz=01;31:*.cab=01;31:*.wim=01;31:*.swm=01;31:*.dwm=01;31:*.esd=01;31:*.jpg=01;35:*.jpeg=01;35:*.mjpg=01;35:*.mjpeg=01;35:*.gif=01;35:*.bmp=01;35:*.pbm=01;35:*.pgm=01;35:*.ppm=01;35:*.tga=01;35:*.xbm=01;35:*.xpm=01;35:*.tif=01;35:*.tiff=01;35:*.png=01;35:*.svg=01;35:*.svgz=01;35:*.mng=01;35:*.pcx=01;35:*.mov=01;35:*.mpg=01;35:*.mpeg=01;35:*.m2v=01;35:*.mkv=01;35:*.webm=01;35:*.webp=01;35:*.ogm=01;35:*.mp4=01;35:*.m4v=01;35:*.mp4v=01;35:*.vob=01;35:*.qt=01;35:*.nuv=01;35:*.wmv=01;35:*.asf=01;35:*.rm=01;35:*.rmvb=01;35:*.flc=01;35:*.avi=01;35:*.fli=01;35:*.flv=01;35:*.gl=01;35:*.dl=01;35:*.xcf=01;35:*.xwd=01;35:*.yuv=01;35:*.cgm=01;35:*.emf=01;35:*.ogv=01;35:*.ogx=01;35:*.aac=00;36:*.au=00;36:*.flac=00;36:*.m4a=00;36:*.mid=00;36:*.midi=00;36:*.mka=00;36:*.mp3=00;36:*.mpc=00;36:*.ogg=00;36:*.ra=00;36:*.wav=00;36:*.oga=00;36:*.opus=00;36:*.spx=00;36:*.xspf=00;36:'), ('TERM_PROGRAM', 'tmux'), ('AMENT_PREFIX_PATH', '/home/robotics/colcon_ws/install/custom_msg_demo:/home/robotics/colcon_ws/install/cpp_pubsub:/opt/ros/humble'), ('DEBIAN_FRONTEND', 'noninteractive'), ('SHELL', '/bin/bash'), ('IGN_GAZEBO_RESOURCE_PATH', '/opt/ros/humble/share'), ('GAZEBO_RESOURCE_PATH', '/opt/ros/humble/share'), ('PWD', '/home/robotics/colcon_ws/build/cpp_pubsub'), ('LC_ALL', 'C.UTF-8'), ('PYTHONPATH', '/home/robotics/colcon_ws/install/custom_msg_demo/local/lib/python3.10/dist-packages:/opt/ros/humble/lib/python3.10/site-packages:/opt/ros/humble/local/lib/python3.10/dist-packages'), ('COLCON', '1'), ('TMUX_PANE', '%0'), ('CMAKE_PREFIX_PATH', '/home/robotics/colcon_ws/install/custom_msg_demo:/home/robotics/colcon_ws/install/cpp_pubsub:/opt/ros/humble')]), 'shell': False}
[0.045199] (custom_msg_demo) JobProgress: {'identifier': 'custom_msg_demo', 'progress': 'cmake'}
[0.047022] (custom_msg_demo) JobProgress: {'identifier': 'custom_msg_demo', 'progress': 'build'}
[0.047293] (custom_msg_demo) Command: {'cmd': ['/usr/bin/cmake', '--build', '/home/robotics/colcon_ws/build/custom_msg_demo', '--', '-j8', '-l8'], 'cwd': '/home/robotics/colcon_ws/build/custom_msg_demo', 'env': OrderedDict([('TMUX', '/tmp/tmux-1001/default,34,0'), ('HOSTNAME', 'OrdiJean'), ('SHLVL', '2'), ('LD_LIBRARY_PATH', '/home/robotics/colcon_ws/install/custom_msg_demo/lib:/usr/lib/x86_64-linux-gnu/gazebo-11/plugins:/opt/ros/humble/opt/rviz_ogre_vendor/lib:/opt/ros/humble/lib/x86_64-linux-gnu:/opt/ros/humble/lib'), ('HOME', '/home/robotics'), ('OLDPWD', '/home/robotics/colcon_ws/src'), ('TERM_PROGRAM_VERSION', '3.2a'), ('ROS_PYTHON_VERSION', '3'), ('COLCON_PREFIX_PATH', '/home/robotics/colcon_ws/install'), ('ROS_DISTRO', 'humble'), ('IGN_GAZEBO_MODEL_PATH', '/opt/ros/humble/share'), ('_', '/usr/bin/colcon'), ('ROS_VERSION', '2'), ('TERM', 'screen'), ('GAZEBO_MODEL_PATH', '/opt/ros/humble/share'), ('ROS_LOCALHOST_ONLY', '0'), ('QT_X11_NO_MITSHM', '1'), ('PATH', '/opt/ros/humble/bin:/usr/local/sbin:/usr/local/bin:/usr/sbin:/usr/bin:/sbin:/bin'), ('DISPLAY', ':0'), ('LANG', 'C.UTF-8'), ('LS_COLORS', 'rs=0:di=01;34:ln=01;36:mh=00:pi=40;33:so=01;35:do=01;35:bd=40;33;01:cd=40;33;01:or=40;31;01:mi=00:su=37;41:sg=30;43:ca=30;41:tw=30;42:ow=34;42:st=37;44:ex=01;32:*.tar=01;31:*.tgz=01;31:*.arc=01;31:*.arj=01;31:*.taz=01;31:*.lha=01;31:*.lz4=01;31:*.lzh=01;31:*.lzma=01;31:*.tlz=01;31:*.txz=01;31:*.tzo=01;31:*.t7z=01;31:*.zip=01;31:*.z=01;31:*.dz=01;31:*.gz=01;31:*.lrz=01;31:*.lz=01;31:*.lzo=01;31:*.xz=01;31:*.zst=01;31:*.tzst=01;31:*.bz2=01;31:*.bz=01;31:*.tbz=01;31:*.tbz2=01;31:*.tz=01;31:*.deb=01;31:*.rpm=01;31:*.jar=01;31:*.war=01;31:*.ear=01;31:*.sar=01;31:*.rar=01;31:*.alz=01;31:*.ace=01;31:*.zoo=01;31:*.cpio=01;31:*.7z=01;31:*.rz=01;31:*.cab=01;31:*.wim=01;31:*.swm=01;31:*.dwm=01;31:*.esd=01;31:*.jpg=01;35:*.jpeg=01;35:*.mjpg=01;35:*.mjpeg=01;35:*.gif=01;35:*.bmp=01;35:*.pbm=01;35:*.pgm=01;35:*.ppm=01;35:*.tga=01;35:*.xbm=01;35:*.xpm=01;35:*.tif=01;35:*.tiff=01;35:*.png=01;35:*.svg=01;35:*.svgz=01;35:*.mng=01;35:*.pcx=01;35:*.mov=01;35:*.mpg=01;35:*.mpeg=01;35:*.m2v=01;35:*.mkv=01;35:*.webm=01;35:*.webp=01;35:*.ogm=01;35:*.mp4=01;35:*.m4v=01;35:*.mp4v=01;35:*.vob=01;35:*.qt=01;35:*.nuv=01;35:*.wmv=01;35:*.asf=01;35:*.rm=01;35:*.rmvb=01;35:*.flc=01;35:*.avi=01;35:*.fli=01;35:*.flv=01;35:*.gl=01;35:*.dl=01;35:*.xcf=01;35:*.xwd=01;35:*.yuv=01;35:*.cgm=01;35:*.emf=01;35:*.ogv=01;35:*.ogx=01;35:*.aac=00;36:*.au=00;36:*.flac=00;36:*.m4a=00;36:*.mid=00;36:*.midi=00;36:*.mka=00;36:*.mp3=00;36:*.mpc=00;36:*.ogg=00;36:*.ra=00;36:*.wav=00;36:*.oga=00;36:*.opus=00;36:*.spx=00;36:*.xspf=00;36:'), ('TERM_PROGRAM', 'tmux'), ('AMENT_PREFIX_PATH', '/home/robotics/colcon_ws/install/custom_msg_demo:/home/robotics/colcon_ws/install/cpp_pubsub:/opt/ros/humble'), ('DEBIAN_FRONTEND', 'noninteractive'), ('SHELL', '/bin/bash'), ('IGN_GAZEBO_RESOURCE_PATH', '/opt/ros/humble/share'), ('GAZEBO_RESOURCE_PATH', '/opt/ros/humble/share'), ('PWD', '/home/robotics/colcon_ws/build/custom_msg_demo'), ('LC_ALL', 'C.UTF-8'), ('PYTHONPATH', '/home/robotics/colcon_ws/install/custom_msg_demo/local/lib/python3.10/dist-packages:/opt/ros/humble/lib/python3.10/site-packages:/opt/ros/humble/local/lib/python3.10/dist-packages'), ('COLCON', '1'), ('TMUX_PANE', '%0'), ('CMAKE_PREFIX_PATH', '/home/robotics/colcon_ws/install/custom_msg_demo:/home/robotics/colcon_ws/install/cpp_pubsub:/opt/ros/humble')]), 'shell': False}
[0.052018] (custom_srv_demo) JobProgress: {'identifier': 'custom_srv_demo', 'progress': 'cmake'}
[0.053069] (custom_srv_demo) Command: {'cmd': ['/usr/bin/cmake', '/home/robotics/colcon_ws/src/custom_srv_demo', '-DCMAKE_INSTALL_PREFIX=/home/robotics/colcon_ws/install/custom_srv_demo'], 'cwd': '/home/robotics/colcon_ws/build/custom_srv_demo', 'env': OrderedDict([('TMUX', '/tmp/tmux-1001/default,34,0'), ('HOSTNAME', 'OrdiJean'), ('SHLVL', '2'), ('LD_LIBRARY_PATH', '/home/robotics/colcon_ws/install/custom_msg_demo/lib:/usr/lib/x86_64-linux-gnu/gazebo-11/plugins:/opt/ros/humble/opt/rviz_ogre_vendor/lib:/opt/ros/humble/lib/x86_64-linux-gnu:/opt/ros/humble/lib'), ('HOME', '/home/robotics'), ('OLDPWD', '/home/robotics/colcon_ws/src'), ('TERM_PROGRAM_VERSION', '3.2a'), ('ROS_PYTHON_VERSION', '3'), ('COLCON_PREFIX_PATH', '/home/robotics/colcon_ws/install'), ('ROS_DISTRO', 'humble'), ('IGN_GAZEBO_MODEL_PATH', '/opt/ros/humble/share'), ('_', '/usr/bin/colcon'), ('ROS_VERSION', '2'), ('TERM', 'screen'), ('GAZEBO_MODEL_PATH', '/opt/ros/humble/share'), ('ROS_LOCALHOST_ONLY', '0'), ('QT_X11_NO_MITSHM', '1'), ('PATH', '/opt/ros/humble/bin:/usr/local/sbin:/usr/local/bin:/usr/sbin:/usr/bin:/sbin:/bin'), ('DISPLAY', ':0'), ('LANG', 'C.UTF-8'), ('LS_COLORS', 'rs=0:di=01;34:ln=01;36:mh=00:pi=40;33:so=01;35:do=01;35:bd=40;33;01:cd=40;33;01:or=40;31;01:mi=00:su=37;41:sg=30;43:ca=30;41:tw=30;42:ow=34;42:st=37;44:ex=01;32:*.tar=01;31:*.tgz=01;31:*.arc=01;31:*.arj=01;31:*.taz=01;31:*.lha=01;31:*.lz4=01;31:*.lzh=01;31:*.lzma=01;31:*.tlz=01;31:*.txz=01;31:*.tzo=01;31:*.t7z=01;31:*.zip=01;31:*.z=01;31:*.dz=01;31:*.gz=01;31:*.lrz=01;31:*.lz=01;31:*.lzo=01;31:*.xz=01;31:*.zst=01;31:*.tzst=01;31:*.bz2=01;31:*.bz=01;31:*.tbz=01;31:*.tbz2=01;31:*.tz=01;31:*.deb=01;31:*.rpm=01;31:*.jar=01;31:*.war=01;31:*.ear=01;31:*.sar=01;31:*.rar=01;31:*.alz=01;31:*.ace=01;31:*.zoo=01;31:*.cpio=01;31:*.7z=01;31:*.rz=01;31:*.cab=01;31:*.wim=01;31:*.swm=01;31:*.dwm=01;31:*.esd=01;31:*.jpg=01;35:*.jpeg=01;35:*.mjpg=01;35:*.mjpeg=01;35:*.gif=01;35:*.bmp=01;35:*.pbm=01;35:*.pgm=01;35:*.ppm=01;35:*.tga=01;35:*.xbm=01;35:*.xpm=01;35:*.tif=01;35:*.tiff=01;35:*.png=01;35:*.svg=01;35:*.svgz=01;35:*.mng=01;35:*.pcx=01;35:*.mov=01;35:*.mpg=01;35:*.mpeg=01;35:*.m2v=01;35:*.mkv=01;35:*.webm=01;35:*.webp=01;35:*.ogm=01;35:*.mp4=01;35:*.m4v=01;35:*.mp4v=01;35:*.vob=01;35:*.qt=01;35:*.nuv=01;35:*.wmv=01;35:*.asf=01;35:*.rm=01;35:*.rmvb=01;35:*.flc=01;35:*.avi=01;35:*.fli=01;35:*.flv=01;35:*.gl=01;35:*.dl=01;35:*.xcf=01;35:*.xwd=01;35:*.yuv=01;35:*.cgm=01;35:*.emf=01;35:*.ogv=01;35:*.ogx=01;35:*.aac=00;36:*.au=00;36:*.flac=00;36:*.m4a=00;36:*.mid=00;36:*.midi=00;36:*.mka=00;36:*.mp3=00;36:*.mpc=00;36:*.ogg=00;36:*.ra=00;36:*.wav=00;36:*.oga=00;36:*.opus=00;36:*.spx=00;36:*.xspf=00;36:'), ('TERM_PROGRAM', 'tmux'), ('AMENT_PREFIX_PATH', '/home/robotics/colcon_ws/install/custom_msg_demo:/home/robotics/colcon_ws/install/cpp_pubsub:/opt/ros/humble'), ('DEBIAN_FRONTEND', 'noninteractive'), ('SHELL', '/bin/bash'), ('IGN_GAZEBO_RESOURCE_PATH', '/opt/ros/humble/share'), ('GAZEBO_RESOURCE_PATH', '/opt/ros/humble/share'), ('PWD', '/home/robotics/colcon_ws/build/custom_srv_demo'), ('LC_ALL', 'C.UTF-8'), ('PYTHONPATH', '/home/robotics/colcon_ws/install/custom_msg_demo/local/lib/python3.10/dist-packages:/opt/ros/humble/lib/python3.10/site-packages:/opt/ros/humble/local/lib/python3.10/dist-packages'), ('COLCON', '1'), ('TMUX_PANE', '%0'), ('CMAKE_PREFIX_PATH', '/home/robotics/colcon_ws/install/custom_msg_demo:/home/robotics/colcon_ws/install/cpp_pubsub:/opt/ros/humble')]), 'shell': False}
[0.100037] (-) TimerEvent: {}
[0.200396] (custom_msg_demo) StdoutLine: {'line': b'\x1b[35m\x1b[1mConsolidate compiler generated dependencies of target custom_msg_demo__rosidl_generator_c\x1b[0m\n'}
[0.200708] (-) TimerEvent: {}
[0.212280] (custom_msg_demo) StdoutLine: {'line': b'[  2%] Built target custom_msg_demo__cpp\n'}
[0.217726] (custom_msg_demo) StdoutLine: {'line': b'[ 11%] Built target custom_msg_demo__rosidl_generator_c\n'}
[0.232021] (custom_msg_demo) StdoutLine: {'line': b'\x1b[35m\x1b[1mConsolidate compiler generated dependencies of target custom_msg_demo__rosidl_typesupport_introspection_cpp\x1b[0m\n'}
[0.232268] (custom_msg_demo) StdoutLine: {'line': b'\x1b[35m\x1b[1mConsolidate compiler generated dependencies of target custom_msg_demo__rosidl_typesupport_fastrtps_cpp\x1b[0m\n'}
[0.232854] (custom_msg_demo) StdoutLine: {'line': b'[ 11%] Built target ament_cmake_python_copy_custom_msg_demo\n'}
[0.234157] (custom_msg_demo) StdoutLine: {'line': b'\x1b[35m\x1b[1mConsolidate compiler generated dependencies of target custom_msg_demo__rosidl_typesupport_cpp\x1b[0m\n'}
[0.236474] (custom_msg_demo) StdoutLine: {'line': b'\x1b[35m\x1b[1mConsolidate compiler generated dependencies of target custom_msg_demo__rosidl_typesupport_c\x1b[0m\n'}
[0.239066] (custom_msg_demo) StdoutLine: {'line': b'\x1b[35m\x1b[1mConsolidate compiler generated dependencies of target custom_msg_demo__rosidl_typesupport_introspection_c\x1b[0m\n'}
[0.239624] (cpp_pubsub) StdoutLine: {'line': b'[ 50%] Built target talker\n'}
[0.239850] (cpp_pubsub) StdoutLine: {'line': b'[100%] Built target listener\n'}
[0.240362] (custom_msg_demo) StdoutLine: {'line': b'\x1b[35m\x1b[1mConsolidate compiler generated dependencies of target custom_msg_demo__rosidl_typesupport_fastrtps_c\x1b[0m\n'}
[0.250863] (custom_msg_demo) StdoutLine: {'line': b'[ 20%] Built target custom_msg_demo__rosidl_typesupport_introspection_cpp\n'}
[0.252862] (custom_msg_demo) StdoutLine: {'line': b'[ 37%] Built target custom_msg_demo__rosidl_typesupport_fastrtps_cpp\n'}
[0.253153] (custom_msg_demo) StdoutLine: {'line': b'[ 37%] Built target custom_msg_demo__rosidl_typesupport_cpp\n'}
[0.253261] (custom_msg_demo) StdoutLine: {'line': b'[ 45%] Built target custom_msg_demo__rosidl_typesupport_introspection_c\n'}
[0.253990] (custom_msg_demo) StdoutLine: {'line': b'[ 54%] Built target custom_msg_demo__rosidl_typesupport_c\n'}
[0.255185] (cpp_pubsub) CommandEnded: {'returncode': 0}
[0.257962] (cpp_pubsub) JobProgress: {'identifier': 'cpp_pubsub', 'progress': 'install'}
[0.258227] (custom_msg_demo) StdoutLine: {'line': b'[ 62%] Built target custom_msg_demo__rosidl_typesupport_fastrtps_c\n'}
[0.269816] (cpp_pubsub) Command: {'cmd': ['/usr/bin/cmake', '--install', '/home/robotics/colcon_ws/build/cpp_pubsub'], 'cwd': '/home/robotics/colcon_ws/build/cpp_pubsub', 'env': OrderedDict([('TMUX', '/tmp/tmux-1001/default,34,0'), ('HOSTNAME', 'OrdiJean'), ('SHLVL', '2'), ('LD_LIBRARY_PATH', '/home/robotics/colcon_ws/install/custom_msg_demo/lib:/usr/lib/x86_64-linux-gnu/gazebo-11/plugins:/opt/ros/humble/opt/rviz_ogre_vendor/lib:/opt/ros/humble/lib/x86_64-linux-gnu:/opt/ros/humble/lib'), ('HOME', '/home/robotics'), ('OLDPWD', '/home/robotics/colcon_ws/src'), ('TERM_PROGRAM_VERSION', '3.2a'), ('ROS_PYTHON_VERSION', '3'), ('COLCON_PREFIX_PATH', '/home/robotics/colcon_ws/install'), ('ROS_DISTRO', 'humble'), ('IGN_GAZEBO_MODEL_PATH', '/opt/ros/humble/share'), ('_', '/usr/bin/colcon'), ('ROS_VERSION', '2'), ('TERM', 'screen'), ('GAZEBO_MODEL_PATH', '/opt/ros/humble/share'), ('ROS_LOCALHOST_ONLY', '0'), ('QT_X11_NO_MITSHM', '1'), ('PATH', '/opt/ros/humble/bin:/usr/local/sbin:/usr/local/bin:/usr/sbin:/usr/bin:/sbin:/bin'), ('DISPLAY', ':0'), ('LANG', 'C.UTF-8'), ('LS_COLORS', 'rs=0:di=01;34:ln=01;36:mh=00:pi=40;33:so=01;35:do=01;35:bd=40;33;01:cd=40;33;01:or=40;31;01:mi=00:su=37;41:sg=30;43:ca=30;41:tw=30;42:ow=34;42:st=37;44:ex=01;32:*.tar=01;31:*.tgz=01;31:*.arc=01;31:*.arj=01;31:*.taz=01;31:*.lha=01;31:*.lz4=01;31:*.lzh=01;31:*.lzma=01;31:*.tlz=01;31:*.txz=01;31:*.tzo=01;31:*.t7z=01;31:*.zip=01;31:*.z=01;31:*.dz=01;31:*.gz=01;31:*.lrz=01;31:*.lz=01;31:*.lzo=01;31:*.xz=01;31:*.zst=01;31:*.tzst=01;31:*.bz2=01;31:*.bz=01;31:*.tbz=01;31:*.tbz2=01;31:*.tz=01;31:*.deb=01;31:*.rpm=01;31:*.jar=01;31:*.war=01;31:*.ear=01;31:*.sar=01;31:*.rar=01;31:*.alz=01;31:*.ace=01;31:*.zoo=01;31:*.cpio=01;31:*.7z=01;31:*.rz=01;31:*.cab=01;31:*.wim=01;31:*.swm=01;31:*.dwm=01;31:*.esd=01;31:*.jpg=01;35:*.jpeg=01;35:*.mjpg=01;35:*.mjpeg=01;35:*.gif=01;35:*.bmp=01;35:*.pbm=01;35:*.pgm=01;35:*.ppm=01;35:*.tga=01;35:*.xbm=01;35:*.xpm=01;35:*.tif=01;35:*.tiff=01;35:*.png=01;35:*.svg=01;35:*.svgz=01;35:*.mng=01;35:*.pcx=01;35:*.mov=01;35:*.mpg=01;35:*.mpeg=01;35:*.m2v=01;35:*.mkv=01;35:*.webm=01;35:*.webp=01;35:*.ogm=01;35:*.mp4=01;35:*.m4v=01;35:*.mp4v=01;35:*.vob=01;35:*.qt=01;35:*.nuv=01;35:*.wmv=01;35:*.asf=01;35:*.rm=01;35:*.rmvb=01;35:*.flc=01;35:*.avi=01;35:*.fli=01;35:*.flv=01;35:*.gl=01;35:*.dl=01;35:*.xcf=01;35:*.xwd=01;35:*.yuv=01;35:*.cgm=01;35:*.emf=01;35:*.ogv=01;35:*.ogx=01;35:*.aac=00;36:*.au=00;36:*.flac=00;36:*.m4a=00;36:*.mid=00;36:*.midi=00;36:*.mka=00;36:*.mp3=00;36:*.mpc=00;36:*.ogg=00;36:*.ra=00;36:*.wav=00;36:*.oga=00;36:*.opus=00;36:*.spx=00;36:*.xspf=00;36:'), ('TERM_PROGRAM', 'tmux'), ('AMENT_PREFIX_PATH', '/home/robotics/colcon_ws/install/custom_msg_demo:/home/robotics/colcon_ws/install/cpp_pubsub:/opt/ros/humble'), ('DEBIAN_FRONTEND', 'noninteractive'), ('SHELL', '/bin/bash'), ('IGN_GAZEBO_RESOURCE_PATH', '/opt/ros/humble/share'), ('GAZEBO_RESOURCE_PATH', '/opt/ros/humble/share'), ('PWD', '/home/robotics/colcon_ws/build/cpp_pubsub'), ('LC_ALL', 'C.UTF-8'), ('PYTHONPATH', '/home/robotics/colcon_ws/install/custom_msg_demo/local/lib/python3.10/dist-packages:/opt/ros/humble/lib/python3.10/site-packages:/opt/ros/humble/local/lib/python3.10/dist-packages'), ('COLCON', '1'), ('TMUX_PANE', '%0'), ('CMAKE_PREFIX_PATH', '/home/robotics/colcon_ws/install/custom_msg_demo:/home/robotics/colcon_ws/install/cpp_pubsub:/opt/ros/humble')]), 'shell': False}
[0.270680] (custom_msg_demo) StdoutLine: {'line': b'\x1b[35m\x1b[1mConsolidate compiler generated dependencies of target status_publisher\x1b[0m\n'}
[0.270923] (custom_msg_demo) StdoutLine: {'line': b'\x1b[35m\x1b[1mConsolidate compiler generated dependencies of target status_subscriber\x1b[0m\n'}
[0.279111] (cpp_pubsub) StdoutLine: {'line': b'-- Install configuration: ""\n'}
[0.280552] (cpp_pubsub) StdoutLine: {'line': b'-- Up-to-date: /home/robotics/colcon_ws/install/cpp_pubsub/lib/cpp_pubsub/talker\n'}
[0.282476] (cpp_pubsub) StdoutLine: {'line': b'-- Up-to-date: /home/robotics/colcon_ws/install/cpp_pubsub/lib/cpp_pubsub/listener\n'}
[0.283538] (cpp_pubsub) StdoutLine: {'line': b'-- Up-to-date: /home/robotics/colcon_ws/install/cpp_pubsub/share/cpp_pubsub//launch\n'}
[0.283777] (cpp_pubsub) StdoutLine: {'line': b'-- Up-to-date: /home/robotics/colcon_ws/install/cpp_pubsub/share/cpp_pubsub//launch/launch1.launch.py\n'}
[0.284122] (cpp_pubsub) StdoutLine: {'line': b'-- Up-to-date: /home/robotics/colcon_ws/install/cpp_pubsub/share/cpp_pubsub//launch/launch2.launch.py\n'}
[0.284287] (cpp_pubsub) StdoutLine: {'line': b'-- Up-to-date: /home/robotics/colcon_ws/install/cpp_pubsub/share/cpp_pubsub//launch/launch2.launch.py:Zone.Identifier\n'}
[0.284453] (cpp_pubsub) StdoutLine: {'line': b'-- Up-to-date: /home/robotics/colcon_ws/install/cpp_pubsub/share/cpp_pubsub//launch/launch1.launch.py:Zone.Identifier\n'}
[0.284620] (cpp_pubsub) StdoutLine: {'line': b'-- Up-to-date: /home/robotics/colcon_ws/install/cpp_pubsub/share/ament_index/resource_index/package_run_dependencies/cpp_pubsub\n'}
[0.284795] (cpp_pubsub) StdoutLine: {'line': b'-- Up-to-date: /home/robotics/colcon_ws/install/cpp_pubsub/share/ament_index/resource_index/parent_prefix_path/cpp_pubsub\n'}
[0.285208] (cpp_pubsub) StdoutLine: {'line': b'-- Up-to-date: /home/robotics/colcon_ws/install/cpp_pubsub/share/cpp_pubsub/environment/ament_prefix_path.sh\n'}
[0.285328] (cpp_pubsub) StdoutLine: {'line': b'-- Up-to-date: /home/robotics/colcon_ws/install/cpp_pubsub/share/cpp_pubsub/environment/ament_prefix_path.dsv\n'}
[0.285401] (cpp_pubsub) StdoutLine: {'line': b'-- Up-to-date: /home/robotics/colcon_ws/install/cpp_pubsub/share/cpp_pubsub/environment/path.sh\n'}
[0.285468] (cpp_pubsub) StdoutLine: {'line': b'-- Up-to-date: /home/robotics/colcon_ws/install/cpp_pubsub/share/cpp_pubsub/environment/path.dsv\n'}
[0.285530] (cpp_pubsub) StdoutLine: {'line': b'-- Up-to-date: /home/robotics/colcon_ws/install/cpp_pubsub/share/cpp_pubsub/local_setup.bash\n'}
[0.285596] (cpp_pubsub) StdoutLine: {'line': b'-- Up-to-date: /home/robotics/colcon_ws/install/cpp_pubsub/share/cpp_pubsub/local_setup.sh\n'}
[0.285662] (cpp_pubsub) StdoutLine: {'line': b'-- Up-to-date: /home/robotics/colcon_ws/install/cpp_pubsub/share/cpp_pubsub/local_setup.zsh\n'}
[0.285732] (cpp_pubsub) StdoutLine: {'line': b'-- Up-to-date: /home/robotics/colcon_ws/install/cpp_pubsub/share/cpp_pubsub/local_setup.dsv\n'}
[0.285801] (cpp_pubsub) StdoutLine: {'line': b'-- Installing: /home/robotics/colcon_ws/install/cpp_pubsub/share/cpp_pubsub/package.dsv\n'}
[0.285881] (cpp_pubsub) StdoutLine: {'line': b'-- Up-to-date: /home/robotics/colcon_ws/install/cpp_pubsub/share/ament_index/resource_index/packages/cpp_pubsub\n'}
[0.285950] (cpp_pubsub) StdoutLine: {'line': b'-- Up-to-date: /home/robotics/colcon_ws/install/cpp_pubsub/share/cpp_pubsub/cmake/cpp_pubsubConfig.cmake\n'}
[0.286020] (cpp_pubsub) StdoutLine: {'line': b'-- Up-to-date: /home/robotics/colcon_ws/install/cpp_pubsub/share/cpp_pubsub/cmake/cpp_pubsubConfig-version.cmake\n'}
[0.286096] (cpp_pubsub) StdoutLine: {'line': b'-- Up-to-date: /home/robotics/colcon_ws/install/cpp_pubsub/share/cpp_pubsub/package.xml\n'}
[0.286168] (custom_msg_demo) StdoutLine: {'line': b'[ 62%] Built target custom_msg_demo\n'}
[0.287658] (cpp_pubsub) CommandEnded: {'returncode': 0}
[0.291768] (custom_msg_demo) StdoutLine: {'line': b'[ 74%] Built target status_subscriber\n'}
[0.292097] (custom_msg_demo) StdoutLine: {'line': b'[ 74%] Built target status_publisher\n'}
[0.300880] (-) TimerEvent: {}
[0.313213] (custom_msg_demo) StdoutLine: {'line': b'[ 77%] Built target custom_msg_demo__py\n'}
[0.321716] (cpp_pubsub) JobEnded: {'identifier': 'cpp_pubsub', 'rc': 0}
[0.322548] (custom_srv_demo) StdoutLine: {'line': b'-- The C compiler identification is GNU 11.4.0\n'}
[0.326461] (custom_msg_demo) StdoutLine: {'line': b'\x1b[35m\x1b[1mConsolidate compiler generated dependencies of target custom_msg_demo__rosidl_generator_py\x1b[0m\n'}
[0.341951] (custom_msg_demo) StdoutLine: {'line': b'[ 82%] Built target custom_msg_demo__rosidl_generator_py\n'}
[0.354769] (custom_msg_demo) StdoutLine: {'line': b'\x1b[35m\x1b[1mConsolidate compiler generated dependencies of target custom_msg_demo__rosidl_typesupport_fastrtps_c__pyext\x1b[0m\n'}
[0.355983] (custom_msg_demo) StdoutLine: {'line': b'\x1b[35m\x1b[1mConsolidate compiler generated dependencies of target custom_msg_demo__rosidl_typesupport_introspection_c__pyext\x1b[0m\n'}
[0.357872] (custom_msg_demo) StdoutLine: {'line': b'\x1b[35m\x1b[1mConsolidate compiler generated dependencies of target custom_msg_demo__rosidl_typesupport_c__pyext\x1b[0m\n'}
[0.369909] (custom_msg_demo) StdoutLine: {'line': b'[ 88%] Built target custom_msg_demo__rosidl_typesupport_fastrtps_c__pyext\n'}
[0.370258] (custom_msg_demo) StdoutLine: {'line': b'[ 94%] Built target custom_msg_demo__rosidl_typesupport_c__pyext\n'}
[0.371293] (custom_msg_demo) StdoutLine: {'line': b'[100%] Built target custom_msg_demo__rosidl_typesupport_introspection_c__pyext\n'}
[0.401035] (-) TimerEvent: {}
[0.452213] (custom_srv_demo) StdoutLine: {'line': b'-- The CXX compiler identification is GNU 11.4.0\n'}
[0.466265] (custom_srv_demo) StdoutLine: {'line': b'-- Detecting C compiler ABI info\n'}
[0.500264] (custom_msg_demo) StdoutLine: {'line': b'running egg_info\n'}
[0.500922] (custom_msg_demo) StdoutLine: {'line': b'writing custom_msg_demo.egg-info/PKG-INFO\n'}
[0.501027] (-) TimerEvent: {}
[0.501221] (custom_msg_demo) StdoutLine: {'line': b'writing dependency_links to custom_msg_demo.egg-info/dependency_links.txt\n'}
[0.501508] (custom_msg_demo) StdoutLine: {'line': b'writing top-level names to custom_msg_demo.egg-info/top_level.txt\n'}
[0.505533] (custom_msg_demo) StdoutLine: {'line': b"reading manifest file 'custom_msg_demo.egg-info/SOURCES.txt'\n"}
[0.506214] (custom_msg_demo) StdoutLine: {'line': b"writing manifest file 'custom_msg_demo.egg-info/SOURCES.txt'\n"}
[0.531258] (custom_msg_demo) StdoutLine: {'line': b'[100%] Built target ament_cmake_python_build_custom_msg_demo_egg\n'}
[0.540190] (custom_srv_demo) StdoutLine: {'line': b'-- Detecting C compiler ABI info - done\n'}
[0.541818] (custom_msg_demo) CommandEnded: {'returncode': 0}
[0.544136] (custom_msg_demo) JobProgress: {'identifier': 'custom_msg_demo', 'progress': 'install'}
[0.545405] (custom_msg_demo) Command: {'cmd': ['/usr/bin/cmake', '--install', '/home/robotics/colcon_ws/build/custom_msg_demo'], 'cwd': '/home/robotics/colcon_ws/build/custom_msg_demo', 'env': OrderedDict([('TMUX', '/tmp/tmux-1001/default,34,0'), ('HOSTNAME', 'OrdiJean'), ('SHLVL', '2'), ('LD_LIBRARY_PATH', '/home/robotics/colcon_ws/install/custom_msg_demo/lib:/usr/lib/x86_64-linux-gnu/gazebo-11/plugins:/opt/ros/humble/opt/rviz_ogre_vendor/lib:/opt/ros/humble/lib/x86_64-linux-gnu:/opt/ros/humble/lib'), ('HOME', '/home/robotics'), ('OLDPWD', '/home/robotics/colcon_ws/src'), ('TERM_PROGRAM_VERSION', '3.2a'), ('ROS_PYTHON_VERSION', '3'), ('COLCON_PREFIX_PATH', '/home/robotics/colcon_ws/install'), ('ROS_DISTRO', 'humble'), ('IGN_GAZEBO_MODEL_PATH', '/opt/ros/humble/share'), ('_', '/usr/bin/colcon'), ('ROS_VERSION', '2'), ('TERM', 'screen'), ('GAZEBO_MODEL_PATH', '/opt/ros/humble/share'), ('ROS_LOCALHOST_ONLY', '0'), ('QT_X11_NO_MITSHM', '1'), ('PATH', '/opt/ros/humble/bin:/usr/local/sbin:/usr/local/bin:/usr/sbin:/usr/bin:/sbin:/bin'), ('DISPLAY', ':0'), ('LANG', 'C.UTF-8'), ('LS_COLORS', 'rs=0:di=01;34:ln=01;36:mh=00:pi=40;33:so=01;35:do=01;35:bd=40;33;01:cd=40;33;01:or=40;31;01:mi=00:su=37;41:sg=30;43:ca=30;41:tw=30;42:ow=34;42:st=37;44:ex=01;32:*.tar=01;31:*.tgz=01;31:*.arc=01;31:*.arj=01;31:*.taz=01;31:*.lha=01;31:*.lz4=01;31:*.lzh=01;31:*.lzma=01;31:*.tlz=01;31:*.txz=01;31:*.tzo=01;31:*.t7z=01;31:*.zip=01;31:*.z=01;31:*.dz=01;31:*.gz=01;31:*.lrz=01;31:*.lz=01;31:*.lzo=01;31:*.xz=01;31:*.zst=01;31:*.tzst=01;31:*.bz2=01;31:*.bz=01;31:*.tbz=01;31:*.tbz2=01;31:*.tz=01;31:*.deb=01;31:*.rpm=01;31:*.jar=01;31:*.war=01;31:*.ear=01;31:*.sar=01;31:*.rar=01;31:*.alz=01;31:*.ace=01;31:*.zoo=01;31:*.cpio=01;31:*.7z=01;31:*.rz=01;31:*.cab=01;31:*.wim=01;31:*.swm=01;31:*.dwm=01;31:*.esd=01;31:*.jpg=01;35:*.jpeg=01;35:*.mjpg=01;35:*.mjpeg=01;35:*.gif=01;35:*.bmp=01;35:*.pbm=01;35:*.pgm=01;35:*.ppm=01;35:*.tga=01;35:*.xbm=01;35:*.xpm=01;35:*.tif=01;35:*.tiff=01;35:*.png=01;35:*.svg=01;35:*.svgz=01;35:*.mng=01;35:*.pcx=01;35:*.mov=01;35:*.mpg=01;35:*.mpeg=01;35:*.m2v=01;35:*.mkv=01;35:*.webm=01;35:*.webp=01;35:*.ogm=01;35:*.mp4=01;35:*.m4v=01;35:*.mp4v=01;35:*.vob=01;35:*.qt=01;35:*.nuv=01;35:*.wmv=01;35:*.asf=01;35:*.rm=01;35:*.rmvb=01;35:*.flc=01;35:*.avi=01;35:*.fli=01;35:*.flv=01;35:*.gl=01;35:*.dl=01;35:*.xcf=01;35:*.xwd=01;35:*.yuv=01;35:*.cgm=01;35:*.emf=01;35:*.ogv=01;35:*.ogx=01;35:*.aac=00;36:*.au=00;36:*.flac=00;36:*.m4a=00;36:*.mid=00;36:*.midi=00;36:*.mka=00;36:*.mp3=00;36:*.mpc=00;36:*.ogg=00;36:*.ra=00;36:*.wav=00;36:*.oga=00;36:*.opus=00;36:*.spx=00;36:*.xspf=00;36:'), ('TERM_PROGRAM', 'tmux'), ('AMENT_PREFIX_PATH', '/home/robotics/colcon_ws/install/custom_msg_demo:/home/robotics/colcon_ws/install/cpp_pubsub:/opt/ros/humble'), ('DEBIAN_FRONTEND', 'noninteractive'), ('SHELL', '/bin/bash'), ('IGN_GAZEBO_RESOURCE_PATH', '/opt/ros/humble/share'), ('GAZEBO_RESOURCE_PATH', '/opt/ros/humble/share'), ('PWD', '/home/robotics/colcon_ws/build/custom_msg_demo'), ('LC_ALL', 'C.UTF-8'), ('PYTHONPATH', '/home/robotics/colcon_ws/install/custom_msg_demo/local/lib/python3.10/dist-packages:/opt/ros/humble/lib/python3.10/site-packages:/opt/ros/humble/local/lib/python3.10/dist-packages'), ('COLCON', '1'), ('TMUX_PANE', '%0'), ('CMAKE_PREFIX_PATH', '/home/robotics/colcon_ws/install/custom_msg_demo:/home/robotics/colcon_ws/install/cpp_pubsub:/opt/ros/humble')]), 'shell': False}
[0.546378] (custom_srv_demo) StdoutLine: {'line': b'-- Check for working C compiler: /usr/bin/cc - skipped\n'}
[0.546595] (custom_srv_demo) StdoutLine: {'line': b'-- Detecting C compile features\n'}
[0.547082] (custom_srv_demo) StdoutLine: {'line': b'-- Detecting C compile features - done\n'}
[0.552105] (custom_srv_demo) StdoutLine: {'line': b'-- Detecting CXX compiler ABI info\n'}
[0.553749] (custom_msg_demo) StdoutLine: {'line': b'-- Install configuration: ""\n'}
[0.553922] (custom_msg_demo) StdoutLine: {'line': b'-- Up-to-date: /home/robotics/colcon_ws/install/custom_msg_demo/share/ament_index/resource_index/rosidl_interfaces/custom_msg_demo\n'}
[0.553979] (custom_msg_demo) StdoutLine: {'line': b'-- Up-to-date: /home/robotics/colcon_ws/install/custom_msg_demo/include/custom_msg_demo/custom_msg_demo\n'}
[0.554428] (custom_msg_demo) StdoutLine: {'line': b'-- Up-to-date: /home/robotics/colcon_ws/install/custom_msg_demo/include/custom_msg_demo/custom_msg_demo/msg\n'}
[0.554945] (custom_msg_demo) StdoutLine: {'line': b'-- Up-to-date: /home/robotics/colcon_ws/install/custom_msg_demo/include/custom_msg_demo/custom_msg_demo/msg/robot_status.h\n'}
[0.555089] (custom_msg_demo) StdoutLine: {'line': b'-- Up-to-date: /home/robotics/colcon_ws/install/custom_msg_demo/include/custom_msg_demo/custom_msg_demo/msg/detail\n'}
[0.555318] (custom_msg_demo) StdoutLine: {'line': b'-- Up-to-date: /home/robotics/colcon_ws/install/custom_msg_demo/include/custom_msg_demo/custom_msg_demo/msg/detail/robot_status__functions.h\n'}
[0.555492] (custom_msg_demo) StdoutLine: {'line': b'-- Up-to-date: /home/robotics/colcon_ws/install/custom_msg_demo/include/custom_msg_demo/custom_msg_demo/msg/detail/robot_status__type_support.h\n'}
[0.555538] (custom_msg_demo) StdoutLine: {'line': b'-- Up-to-date: /home/robotics/colcon_ws/install/custom_msg_demo/include/custom_msg_demo/custom_msg_demo/msg/detail/robot_status__functions.c\n'}
[0.555578] (custom_msg_demo) StdoutLine: {'line': b'-- Up-to-date: /home/robotics/colcon_ws/install/custom_msg_demo/include/custom_msg_demo/custom_msg_demo/msg/detail/robot_status__struct.h\n'}
[0.555634] (custom_msg_demo) StdoutLine: {'line': b'-- Up-to-date: /home/robotics/colcon_ws/install/custom_msg_demo/include/custom_msg_demo/custom_msg_demo/msg/rosidl_generator_c__visibility_control.h\n'}
[0.555684] (custom_msg_demo) StdoutLine: {'line': b'-- Up-to-date: /home/robotics/colcon_ws/install/custom_msg_demo/share/custom_msg_demo/environment/library_path.sh\n'}
[0.555726] (custom_msg_demo) StdoutLine: {'line': b'-- Up-to-date: /home/robotics/colcon_ws/install/custom_msg_demo/share/custom_msg_demo/environment/library_path.dsv\n'}
[0.556816] (custom_msg_demo) StdoutLine: {'line': b'-- Up-to-date: /home/robotics/colcon_ws/install/custom_msg_demo/lib/libcustom_msg_demo__rosidl_generator_c.so\n'}
[0.557123] (custom_msg_demo) StdoutLine: {'line': b'-- Up-to-date: /home/robotics/colcon_ws/install/custom_msg_demo/include/custom_msg_demo/custom_msg_demo\n'}
[0.557418] (custom_msg_demo) StdoutLine: {'line': b'-- Up-to-date: /home/robotics/colcon_ws/install/custom_msg_demo/include/custom_msg_demo/custom_msg_demo/msg\n'}
[0.557649] (custom_msg_demo) StdoutLine: {'line': b'-- Up-to-date: /home/robotics/colcon_ws/install/custom_msg_demo/include/custom_msg_demo/custom_msg_demo/msg/detail\n'}
[0.557824] (custom_msg_demo) StdoutLine: {'line': b'-- Up-to-date: /home/robotics/colcon_ws/install/custom_msg_demo/include/custom_msg_demo/custom_msg_demo/msg/detail/robot_status__rosidl_typesupport_fastrtps_c.h\n'}
[0.557894] (custom_msg_demo) StdoutLine: {'line': b'-- Up-to-date: /home/robotics/colcon_ws/install/custom_msg_demo/include/custom_msg_demo/custom_msg_demo/msg/rosidl_typesupport_fastrtps_c__visibility_control.h\n'}
[0.558813] (custom_msg_demo) StdoutLine: {'line': b'-- Up-to-date: /home/robotics/colcon_ws/install/custom_msg_demo/lib/libcustom_msg_demo__rosidl_typesupport_fastrtps_c.so\n'}
[0.559025] (custom_msg_demo) StdoutLine: {'line': b'-- Up-to-date: /home/robotics/colcon_ws/install/custom_msg_demo/include/custom_msg_demo/custom_msg_demo\n'}
[0.559244] (custom_msg_demo) StdoutLine: {'line': b'-- Up-to-date: /home/robotics/colcon_ws/install/custom_msg_demo/include/custom_msg_demo/custom_msg_demo/msg\n'}
[0.559744] (custom_msg_demo) StdoutLine: {'line': b'-- Up-to-date: /home/robotics/colcon_ws/install/custom_msg_demo/include/custom_msg_demo/custom_msg_demo/msg/rosidl_generator_cpp__visibility_control.hpp\n'}
[0.559888] (custom_msg_demo) StdoutLine: {'line': b'-- Up-to-date: /home/robotics/colcon_ws/install/custom_msg_demo/include/custom_msg_demo/custom_msg_demo/msg/detail\n'}
[0.560058] (custom_msg_demo) StdoutLine: {'line': b'-- Up-to-date: /home/robotics/colcon_ws/install/custom_msg_demo/include/custom_msg_demo/custom_msg_demo/msg/detail/robot_status__builder.hpp\n'}
[0.560175] (custom_msg_demo) StdoutLine: {'line': b'-- Up-to-date: /home/robotics/colcon_ws/install/custom_msg_demo/include/custom_msg_demo/custom_msg_demo/msg/detail/robot_status__struct.hpp\n'}
[0.560285] (custom_msg_demo) StdoutLine: {'line': b'-- Up-to-date: /home/robotics/colcon_ws/install/custom_msg_demo/include/custom_msg_demo/custom_msg_demo/msg/detail/robot_status__type_support.hpp\n'}
[0.560385] (custom_msg_demo) StdoutLine: {'line': b'-- Up-to-date: /home/robotics/colcon_ws/install/custom_msg_demo/include/custom_msg_demo/custom_msg_demo/msg/detail/robot_status__traits.hpp\n'}
[0.560603] (custom_msg_demo) StdoutLine: {'line': b'-- Up-to-date: /home/robotics/colcon_ws/install/custom_msg_demo/include/custom_msg_demo/custom_msg_demo/msg/robot_status.hpp\n'}
[0.560712] (custom_msg_demo) StdoutLine: {'line': b'-- Up-to-date: /home/robotics/colcon_ws/install/custom_msg_demo/include/custom_msg_demo/custom_msg_demo\n'}
[0.560766] (custom_msg_demo) StdoutLine: {'line': b'-- Up-to-date: /home/robotics/colcon_ws/install/custom_msg_demo/include/custom_msg_demo/custom_msg_demo/msg\n'}
[0.560895] (custom_msg_demo) StdoutLine: {'line': b'-- Up-to-date: /home/robotics/colcon_ws/install/custom_msg_demo/include/custom_msg_demo/custom_msg_demo/msg/rosidl_typesupport_fastrtps_cpp__visibility_control.h\n'}
[0.561040] (custom_msg_demo) StdoutLine: {'line': b'-- Up-to-date: /home/robotics/colcon_ws/install/custom_msg_demo/include/custom_msg_demo/custom_msg_demo/msg/detail\n'}
[0.561255] (custom_msg_demo) StdoutLine: {'line': b'-- Up-to-date: /home/robotics/colcon_ws/install/custom_msg_demo/include/custom_msg_demo/custom_msg_demo/msg/detail/dds_fastrtps\n'}
[0.561514] (custom_msg_demo) StdoutLine: {'line': b'-- Up-to-date: /home/robotics/colcon_ws/install/custom_msg_demo/include/custom_msg_demo/custom_msg_demo/msg/detail/robot_status__rosidl_typesupport_fastrtps_cpp.hpp\n'}
[0.562674] (custom_msg_demo) StdoutLine: {'line': b'-- Up-to-date: /home/robotics/colcon_ws/install/custom_msg_demo/lib/libcustom_msg_demo__rosidl_typesupport_fastrtps_cpp.so\n'}
[0.562849] (custom_msg_demo) StdoutLine: {'line': b'-- Up-to-date: /home/robotics/colcon_ws/install/custom_msg_demo/include/custom_msg_demo/custom_msg_demo\n'}
[0.563222] (custom_msg_demo) StdoutLine: {'line': b'-- Up-to-date: /home/robotics/colcon_ws/install/custom_msg_demo/include/custom_msg_demo/custom_msg_demo/msg\n'}
[0.563537] (custom_msg_demo) StdoutLine: {'line': b'-- Up-to-date: /home/robotics/colcon_ws/install/custom_msg_demo/include/custom_msg_demo/custom_msg_demo/msg/detail\n'}
[0.563940] (custom_msg_demo) StdoutLine: {'line': b'-- Up-to-date: /home/robotics/colcon_ws/install/custom_msg_demo/include/custom_msg_demo/custom_msg_demo/msg/detail/robot_status__type_support.c\n'}
[0.564079] (custom_msg_demo) StdoutLine: {'line': b'-- Up-to-date: /home/robotics/colcon_ws/install/custom_msg_demo/include/custom_msg_demo/custom_msg_demo/msg/detail/robot_status__rosidl_typesupport_introspection_c.h\n'}
[0.564122] (custom_msg_demo) StdoutLine: {'line': b'-- Up-to-date: /home/robotics/colcon_ws/install/custom_msg_demo/include/custom_msg_demo/custom_msg_demo/msg/rosidl_typesupport_introspection_c__visibility_control.h\n'}
[0.564905] (custom_msg_demo) StdoutLine: {'line': b'-- Up-to-date: /home/robotics/colcon_ws/install/custom_msg_demo/lib/libcustom_msg_demo__rosidl_typesupport_introspection_c.so\n'}
[0.565364] (custom_msg_demo) StdoutLine: {'line': b'-- Up-to-date: /home/robotics/colcon_ws/install/custom_msg_demo/lib/libcustom_msg_demo__rosidl_typesupport_c.so\n'}
[0.565631] (custom_msg_demo) StdoutLine: {'line': b'-- Up-to-date: /home/robotics/colcon_ws/install/custom_msg_demo/include/custom_msg_demo/custom_msg_demo\n'}
[0.565697] (custom_msg_demo) StdoutLine: {'line': b'-- Up-to-date: /home/robotics/colcon_ws/install/custom_msg_demo/include/custom_msg_demo/custom_msg_demo/msg\n'}
[0.565944] (custom_msg_demo) StdoutLine: {'line': b'-- Up-to-date: /home/robotics/colcon_ws/install/custom_msg_demo/include/custom_msg_demo/custom_msg_demo/msg/detail\n'}
[0.566192] (custom_msg_demo) StdoutLine: {'line': b'-- Up-to-date: /home/robotics/colcon_ws/install/custom_msg_demo/include/custom_msg_demo/custom_msg_demo/msg/detail/robot_status__rosidl_typesupport_introspection_cpp.hpp\n'}
[0.566271] (custom_msg_demo) StdoutLine: {'line': b'-- Up-to-date: /home/robotics/colcon_ws/install/custom_msg_demo/include/custom_msg_demo/custom_msg_demo/msg/detail/robot_status__type_support.cpp\n'}
[0.566987] (custom_msg_demo) StdoutLine: {'line': b'-- Up-to-date: /home/robotics/colcon_ws/install/custom_msg_demo/lib/libcustom_msg_demo__rosidl_typesupport_introspection_cpp.so\n'}
[0.567468] (custom_msg_demo) StdoutLine: {'line': b'-- Up-to-date: /home/robotics/colcon_ws/install/custom_msg_demo/lib/libcustom_msg_demo__rosidl_typesupport_cpp.so\n'}
[0.567659] (custom_msg_demo) StdoutLine: {'line': b'-- Up-to-date: /home/robotics/colcon_ws/install/custom_msg_demo/share/custom_msg_demo/environment/pythonpath.sh\n'}
[0.567790] (custom_msg_demo) StdoutLine: {'line': b'-- Up-to-date: /home/robotics/colcon_ws/install/custom_msg_demo/share/custom_msg_demo/environment/pythonpath.dsv\n'}
[0.568042] (custom_msg_demo) StdoutLine: {'line': b'-- Up-to-date: /home/robotics/colcon_ws/install/custom_msg_demo/local/lib/python3.10/dist-packages/custom_msg_demo-0.0.0-py3.10.egg-info\n'}
[0.568096] (custom_msg_demo) StdoutLine: {'line': b'-- Installing: /home/robotics/colcon_ws/install/custom_msg_demo/local/lib/python3.10/dist-packages/custom_msg_demo-0.0.0-py3.10.egg-info/dependency_links.txt\n'}
[0.568137] (custom_msg_demo) StdoutLine: {'line': b'-- Installing: /home/robotics/colcon_ws/install/custom_msg_demo/local/lib/python3.10/dist-packages/custom_msg_demo-0.0.0-py3.10.egg-info/PKG-INFO\n'}
[0.568256] (custom_msg_demo) StdoutLine: {'line': b'-- Installing: /home/robotics/colcon_ws/install/custom_msg_demo/local/lib/python3.10/dist-packages/custom_msg_demo-0.0.0-py3.10.egg-info/top_level.txt\n'}
[0.568379] (custom_msg_demo) StdoutLine: {'line': b'-- Installing: /home/robotics/colcon_ws/install/custom_msg_demo/local/lib/python3.10/dist-packages/custom_msg_demo-0.0.0-py3.10.egg-info/SOURCES.txt\n'}
[0.568573] (custom_msg_demo) StdoutLine: {'line': b'-- Up-to-date: /home/robotics/colcon_ws/install/custom_msg_demo/local/lib/python3.10/dist-packages/custom_msg_demo\n'}
[0.568724] (custom_msg_demo) StdoutLine: {'line': b'-- Up-to-date: /home/robotics/colcon_ws/install/custom_msg_demo/local/lib/python3.10/dist-packages/custom_msg_demo/msg\n'}
[0.568949] (custom_msg_demo) StdoutLine: {'line': b'-- Up-to-date: /home/robotics/colcon_ws/install/custom_msg_demo/local/lib/python3.10/dist-packages/custom_msg_demo/msg/_robot_status.py\n'}
[0.569181] (custom_msg_demo) StdoutLine: {'line': b'-- Up-to-date: /home/robotics/colcon_ws/install/custom_msg_demo/local/lib/python3.10/dist-packages/custom_msg_demo/msg/__init__.py\n'}
[0.569234] (custom_msg_demo) StdoutLine: {'line': b'-- Up-to-date: /home/robotics/colcon_ws/install/custom_msg_demo/local/lib/python3.10/dist-packages/custom_msg_demo/msg/_robot_status_s.c\n'}
[0.569282] (custom_msg_demo) StdoutLine: {'line': b'-- Up-to-date: /home/robotics/colcon_ws/install/custom_msg_demo/local/lib/python3.10/dist-packages/custom_msg_demo/_custom_msg_demo_s.ep.rosidl_typesupport_c.c\n'}
[0.569322] (custom_msg_demo) StdoutLine: {'line': b'-- Up-to-date: /home/robotics/colcon_ws/install/custom_msg_demo/local/lib/python3.10/dist-packages/custom_msg_demo/custom_msg_demo_s__rosidl_typesupport_introspection_c.cpython-310-x86_64-linux-gnu.so\n'}
[0.569362] (custom_msg_demo) StdoutLine: {'line': b'-- Up-to-date: /home/robotics/colcon_ws/install/custom_msg_demo/local/lib/python3.10/dist-packages/custom_msg_demo/_custom_msg_demo_s.ep.rosidl_typesupport_fastrtps_c.c\n'}
[0.569402] (custom_msg_demo) StdoutLine: {'line': b'-- Up-to-date: /home/robotics/colcon_ws/install/custom_msg_demo/local/lib/python3.10/dist-packages/custom_msg_demo/__init__.py\n'}
[0.569474] (custom_msg_demo) StdoutLine: {'line': b'-- Up-to-date: /home/robotics/colcon_ws/install/custom_msg_demo/local/lib/python3.10/dist-packages/custom_msg_demo/_custom_msg_demo_s.ep.rosidl_typesupport_introspection_c.c\n'}
[0.569535] (custom_msg_demo) StdoutLine: {'line': b'-- Up-to-date: /home/robotics/colcon_ws/install/custom_msg_demo/local/lib/python3.10/dist-packages/custom_msg_demo/libcustom_msg_demo__rosidl_generator_py.so\n'}
[0.569602] (custom_msg_demo) StdoutLine: {'line': b'-- Up-to-date: /home/robotics/colcon_ws/install/custom_msg_demo/local/lib/python3.10/dist-packages/custom_msg_demo/custom_msg_demo_s__rosidl_typesupport_fastrtps_c.cpython-310-x86_64-linux-gnu.so\n'}
[0.569647] (custom_msg_demo) StdoutLine: {'line': b'-- Up-to-date: /home/robotics/colcon_ws/install/custom_msg_demo/local/lib/python3.10/dist-packages/custom_msg_demo/custom_msg_demo_s__rosidl_typesupport_c.cpython-310-x86_64-linux-gnu.so\n'}
[0.601167] (-) TimerEvent: {}
[0.601518] (custom_msg_demo) StdoutLine: {'line': b"Listing '/home/robotics/colcon_ws/install/custom_msg_demo/local/lib/python3.10/dist-packages/custom_msg_demo'...\n"}
[0.601664] (custom_msg_demo) StdoutLine: {'line': b"Listing '/home/robotics/colcon_ws/install/custom_msg_demo/local/lib/python3.10/dist-packages/custom_msg_demo/msg'...\n"}
[0.606797] (custom_msg_demo) StdoutLine: {'line': b'-- Up-to-date: /home/robotics/colcon_ws/install/custom_msg_demo/local/lib/python3.10/dist-packages/custom_msg_demo/custom_msg_demo_s__rosidl_typesupport_fastrtps_c.cpython-310-x86_64-linux-gnu.so\n'}
[0.607332] (custom_msg_demo) StdoutLine: {'line': b'-- Up-to-date: /home/robotics/colcon_ws/install/custom_msg_demo/local/lib/python3.10/dist-packages/custom_msg_demo/custom_msg_demo_s__rosidl_typesupport_introspection_c.cpython-310-x86_64-linux-gnu.so\n'}
[0.608036] (custom_msg_demo) StdoutLine: {'line': b'-- Up-to-date: /home/robotics/colcon_ws/install/custom_msg_demo/local/lib/python3.10/dist-packages/custom_msg_demo/custom_msg_demo_s__rosidl_typesupport_c.cpython-310-x86_64-linux-gnu.so\n'}
[0.609125] (custom_msg_demo) StdoutLine: {'line': b'-- Up-to-date: /home/robotics/colcon_ws/install/custom_msg_demo/lib/libcustom_msg_demo__rosidl_generator_py.so\n'}
[0.609349] (custom_msg_demo) StdoutLine: {'line': b'-- Up-to-date: /home/robotics/colcon_ws/install/custom_msg_demo/share/custom_msg_demo/msg/RobotStatus.idl\n'}
[0.609427] (custom_msg_demo) StdoutLine: {'line': b'-- Up-to-date: /home/robotics/colcon_ws/install/custom_msg_demo/share/custom_msg_demo/msg/RobotStatus.msg\n'}
[0.611875] (custom_msg_demo) StdoutLine: {'line': b'-- Up-to-date: /home/robotics/colcon_ws/install/custom_msg_demo/lib/custom_msg_demo/status_publisher\n'}
[0.614288] (custom_msg_demo) StdoutLine: {'line': b'-- Up-to-date: /home/robotics/colcon_ws/install/custom_msg_demo/lib/custom_msg_demo/status_subscriber\n'}
[0.614666] (custom_msg_demo) StdoutLine: {'line': b'-- Up-to-date: /home/robotics/colcon_ws/install/custom_msg_demo/share/ament_index/resource_index/package_run_dependencies/custom_msg_demo\n'}
[0.614767] (custom_msg_demo) StdoutLine: {'line': b'-- Up-to-date: /home/robotics/colcon_ws/install/custom_msg_demo/share/ament_index/resource_index/parent_prefix_path/custom_msg_demo\n'}
[0.614844] (custom_msg_demo) StdoutLine: {'line': b'-- Up-to-date: /home/robotics/colcon_ws/install/custom_msg_demo/share/custom_msg_demo/environment/ament_prefix_path.sh\n'}
[0.614942] (custom_msg_demo) StdoutLine: {'line': b'-- Up-to-date: /home/robotics/colcon_ws/install/custom_msg_demo/share/custom_msg_demo/environment/ament_prefix_path.dsv\n'}
[0.615037] (custom_msg_demo) StdoutLine: {'line': b'-- Up-to-date: /home/robotics/colcon_ws/install/custom_msg_demo/share/custom_msg_demo/environment/path.sh\n'}
[0.615107] (custom_msg_demo) StdoutLine: {'line': b'-- Up-to-date: /home/robotics/colcon_ws/install/custom_msg_demo/share/custom_msg_demo/environment/path.dsv\n'}
[0.615179] (custom_msg_demo) StdoutLine: {'line': b'-- Up-to-date: /home/robotics/colcon_ws/install/custom_msg_demo/share/custom_msg_demo/local_setup.bash\n'}
[0.615411] (custom_msg_demo) StdoutLine: {'line': b'-- Up-to-date: /home/robotics/colcon_ws/install/custom_msg_demo/share/custom_msg_demo/local_setup.sh\n'}
[0.615524] (custom_msg_demo) StdoutLine: {'line': b'-- Up-to-date: /home/robotics/colcon_ws/install/custom_msg_demo/share/custom_msg_demo/local_setup.zsh\n'}
[0.615567] (custom_msg_demo) StdoutLine: {'line': b'-- Up-to-date: /home/robotics/colcon_ws/install/custom_msg_demo/share/custom_msg_demo/local_setup.dsv\n'}
[0.615620] (custom_msg_demo) StdoutLine: {'line': b'-- Installing: /home/robotics/colcon_ws/install/custom_msg_demo/share/custom_msg_demo/package.dsv\n'}
[0.615993] (custom_msg_demo) StdoutLine: {'line': b'-- Up-to-date: /home/robotics/colcon_ws/install/custom_msg_demo/share/ament_index/resource_index/packages/custom_msg_demo\n'}
[0.616912] (custom_msg_demo) StdoutLine: {'line': b'-- Up-to-date: /home/robotics/colcon_ws/install/custom_msg_demo/share/custom_msg_demo/cmake/export_custom_msg_demo__rosidl_generator_cExport.cmake\n'}
[0.617008] (custom_msg_demo) StdoutLine: {'line': b'-- Up-to-date: /home/robotics/colcon_ws/install/custom_msg_demo/share/custom_msg_demo/cmake/export_custom_msg_demo__rosidl_generator_cExport-noconfig.cmake\n'}
[0.618362] (custom_msg_demo) StdoutLine: {'line': b'-- Up-to-date: /home/robotics/colcon_ws/install/custom_msg_demo/share/custom_msg_demo/cmake/export_custom_msg_demo__rosidl_typesupport_fastrtps_cExport.cmake\n'}
[0.618481] (custom_msg_demo) StdoutLine: {'line': b'-- Up-to-date: /home/robotics/colcon_ws/install/custom_msg_demo/share/custom_msg_demo/cmake/export_custom_msg_demo__rosidl_typesupport_fastrtps_cExport-noconfig.cmake\n'}
[0.619505] (custom_msg_demo) StdoutLine: {'line': b'-- Up-to-date: /home/robotics/colcon_ws/install/custom_msg_demo/share/custom_msg_demo/cmake/export_custom_msg_demo__rosidl_generator_cppExport.cmake\n'}
[0.620858] (custom_msg_demo) StdoutLine: {'line': b'-- Up-to-date: /home/robotics/colcon_ws/install/custom_msg_demo/share/custom_msg_demo/cmake/export_custom_msg_demo__rosidl_typesupport_fastrtps_cppExport.cmake\n'}
[0.621030] (custom_msg_demo) StdoutLine: {'line': b'-- Up-to-date: /home/robotics/colcon_ws/install/custom_msg_demo/share/custom_msg_demo/cmake/export_custom_msg_demo__rosidl_typesupport_fastrtps_cppExport-noconfig.cmake\n'}
[0.622149] (custom_msg_demo) StdoutLine: {'line': b'-- Up-to-date: /home/robotics/colcon_ws/install/custom_msg_demo/share/custom_msg_demo/cmake/custom_msg_demo__rosidl_typesupport_introspection_cExport.cmake\n'}
[0.622261] (custom_msg_demo) StdoutLine: {'line': b'-- Up-to-date: /home/robotics/colcon_ws/install/custom_msg_demo/share/custom_msg_demo/cmake/custom_msg_demo__rosidl_typesupport_introspection_cExport-noconfig.cmake\n'}
[0.623362] (custom_msg_demo) StdoutLine: {'line': b'-- Up-to-date: /home/robotics/colcon_ws/install/custom_msg_demo/share/custom_msg_demo/cmake/custom_msg_demo__rosidl_typesupport_cExport.cmake\n'}
[0.623539] (custom_msg_demo) StdoutLine: {'line': b'-- Up-to-date: /home/robotics/colcon_ws/install/custom_msg_demo/share/custom_msg_demo/cmake/custom_msg_demo__rosidl_typesupport_cExport-noconfig.cmake\n'}
[0.624450] (custom_msg_demo) StdoutLine: {'line': b'-- Up-to-date: /home/robotics/colcon_ws/install/custom_msg_demo/share/custom_msg_demo/cmake/custom_msg_demo__rosidl_typesupport_introspection_cppExport.cmake\n'}
[0.624600] (custom_msg_demo) StdoutLine: {'line': b'-- Up-to-date: /home/robotics/colcon_ws/install/custom_msg_demo/share/custom_msg_demo/cmake/custom_msg_demo__rosidl_typesupport_introspection_cppExport-noconfig.cmake\n'}
[0.626055] (custom_msg_demo) StdoutLine: {'line': b'-- Up-to-date: /home/robotics/colcon_ws/install/custom_msg_demo/share/custom_msg_demo/cmake/custom_msg_demo__rosidl_typesupport_cppExport.cmake\n'}
[0.626264] (custom_msg_demo) StdoutLine: {'line': b'-- Up-to-date: /home/robotics/colcon_ws/install/custom_msg_demo/share/custom_msg_demo/cmake/custom_msg_demo__rosidl_typesupport_cppExport-noconfig.cmake\n'}
[0.627249] (custom_msg_demo) StdoutLine: {'line': b'-- Up-to-date: /home/robotics/colcon_ws/install/custom_msg_demo/share/custom_msg_demo/cmake/export_custom_msg_demo__rosidl_generator_pyExport.cmake\n'}
[0.627434] (custom_msg_demo) StdoutLine: {'line': b'-- Up-to-date: /home/robotics/colcon_ws/install/custom_msg_demo/share/custom_msg_demo/cmake/export_custom_msg_demo__rosidl_generator_pyExport-noconfig.cmake\n'}
[0.627714] (custom_msg_demo) StdoutLine: {'line': b'-- Up-to-date: /home/robotics/colcon_ws/install/custom_msg_demo/share/custom_msg_demo/cmake/rosidl_cmake-extras.cmake\n'}
[0.627782] (custom_msg_demo) StdoutLine: {'line': b'-- Up-to-date: /home/robotics/colcon_ws/install/custom_msg_demo/share/custom_msg_demo/cmake/ament_cmake_export_include_directories-extras.cmake\n'}
[0.627883] (custom_msg_demo) StdoutLine: {'line': b'-- Up-to-date: /home/robotics/colcon_ws/install/custom_msg_demo/share/custom_msg_demo/cmake/ament_cmake_export_libraries-extras.cmake\n'}
[0.627931] (custom_msg_demo) StdoutLine: {'line': b'-- Up-to-date: /home/robotics/colcon_ws/install/custom_msg_demo/share/custom_msg_demo/cmake/ament_cmake_export_targets-extras.cmake\n'}
[0.627972] (custom_msg_demo) StdoutLine: {'line': b'-- Up-to-date: /home/robotics/colcon_ws/install/custom_msg_demo/share/custom_msg_demo/cmake/rosidl_cmake_export_typesupport_targets-extras.cmake\n'}
[0.628010] (custom_msg_demo) StdoutLine: {'line': b'-- Up-to-date: /home/robotics/colcon_ws/install/custom_msg_demo/share/custom_msg_demo/cmake/ament_cmake_export_dependencies-extras.cmake\n'}
[0.628048] (custom_msg_demo) StdoutLine: {'line': b'-- Up-to-date: /home/robotics/colcon_ws/install/custom_msg_demo/share/custom_msg_demo/cmake/rosidl_cmake_export_typesupport_libraries-extras.cmake\n'}
[0.628090] (custom_msg_demo) StdoutLine: {'line': b'-- Up-to-date: /home/robotics/colcon_ws/install/custom_msg_demo/share/custom_msg_demo/cmake/custom_msg_demoConfig.cmake\n'}
[0.628153] (custom_msg_demo) StdoutLine: {'line': b'-- Up-to-date: /home/robotics/colcon_ws/install/custom_msg_demo/share/custom_msg_demo/cmake/custom_msg_demoConfig-version.cmake\n'}
[0.628210] (custom_msg_demo) StdoutLine: {'line': b'-- Up-to-date: /home/robotics/colcon_ws/install/custom_msg_demo/share/custom_msg_demo/package.xml\n'}
[0.630745] (custom_msg_demo) CommandEnded: {'returncode': 0}
[0.633282] (custom_srv_demo) StdoutLine: {'line': b'-- Detecting CXX compiler ABI info - done\n'}
[0.639098] (custom_srv_demo) StdoutLine: {'line': b'-- Check for working CXX compiler: /usr/bin/c++ - skipped\n'}
[0.639408] (custom_srv_demo) StdoutLine: {'line': b'-- Detecting CXX compile features\n'}
[0.639828] (custom_srv_demo) StdoutLine: {'line': b'-- Detecting CXX compile features - done\n'}
[0.650181] (custom_msg_demo) JobEnded: {'identifier': 'custom_msg_demo', 'rc': 0}
[0.661367] (custom_srv_demo) StdoutLine: {'line': b'-- Found ament_cmake: 1.3.13 (/opt/ros/humble/share/ament_cmake/cmake)\n'}
[0.701371] (-) TimerEvent: {}
[0.801126] (custom_srv_demo) StdoutLine: {'line': b'-- Found Python3: /usr/bin/python3 (found version "3.10.12") found components: Interpreter \n'}
[0.801544] (-) TimerEvent: {}
[0.901941] (-) TimerEvent: {}
[0.948025] (custom_srv_demo) StdoutLine: {'line': b'-- Found rclcpp: 16.0.18 (/opt/ros/humble/share/rclcpp/cmake)\n'}
[1.002219] (-) TimerEvent: {}
[1.079355] (custom_srv_demo) StdoutLine: {'line': b'-- Found rosidl_generator_c: 3.1.8 (/opt/ros/humble/share/rosidl_generator_c/cmake)\n'}
[1.093097] (custom_srv_demo) StdoutLine: {'line': b'-- Found rosidl_adapter: 3.1.8 (/opt/ros/humble/share/rosidl_adapter/cmake)\n'}
[1.102453] (-) TimerEvent: {}
[1.118067] (custom_srv_demo) StdoutLine: {'line': b'-- Found rosidl_generator_cpp: 3.1.8 (/opt/ros/humble/share/rosidl_generator_cpp/cmake)\n'}
[1.154871] (custom_srv_demo) StdoutLine: {'line': b'-- Using all available rosidl_typesupport_c: rosidl_typesupport_fastrtps_c;rosidl_typesupport_introspection_c\n'}
[1.197167] (custom_srv_demo) StdoutLine: {'line': b'-- Using all available rosidl_typesupport_cpp: rosidl_typesupport_fastrtps_cpp;rosidl_typesupport_introspection_cpp\n'}
[1.202760] (-) TimerEvent: {}
[1.303165] (-) TimerEvent: {}
[1.310922] (custom_srv_demo) StdoutLine: {'line': b'-- Found rmw_implementation_cmake: 6.1.2 (/opt/ros/humble/share/rmw_implementation_cmake/cmake)\n'}
[1.318264] (custom_srv_demo) StdoutLine: {'line': b'-- Found rmw_fastrtps_cpp: 6.2.10 (/opt/ros/humble/share/rmw_fastrtps_cpp/cmake)\n'}
[1.403307] (-) TimerEvent: {}
[1.491487] (custom_srv_demo) StdoutLine: {'line': b'-- Found OpenSSL: /usr/lib/x86_64-linux-gnu/libcrypto.so (found version "3.0.2")  \n'}
[1.503527] (-) TimerEvent: {}
[1.525880] (custom_srv_demo) StdoutLine: {'line': b'-- Found FastRTPS: /opt/ros/humble/include  \n'}
[1.570150] (custom_srv_demo) StdoutLine: {'line': b"-- Using RMW implementation 'rmw_fastrtps_cpp' as default\n"}
[1.594239] (custom_srv_demo) StdoutLine: {'line': b'-- Looking for pthread.h\n'}
[1.603911] (-) TimerEvent: {}
[1.671531] (custom_srv_demo) StdoutLine: {'line': b'-- Looking for pthread.h - found\n'}
[1.671858] (custom_srv_demo) StdoutLine: {'line': b'-- Performing Test CMAKE_HAVE_LIBC_PTHREAD\n'}
[1.704063] (-) TimerEvent: {}
[1.735628] (custom_srv_demo) StdoutLine: {'line': b'-- Performing Test CMAKE_HAVE_LIBC_PTHREAD - Success\n'}
[1.736451] (custom_srv_demo) StdoutLine: {'line': b'-- Found Threads: TRUE  \n'}
[1.804252] (-) TimerEvent: {}
[1.853787] (custom_srv_demo) StdoutLine: {'line': b'-- Found rosidl_default_generators: 1.2.0 (/opt/ros/humble/share/rosidl_default_generators/cmake)\n'}
[1.904462] (-) TimerEvent: {}
[2.004848] (-) TimerEvent: {}
[2.076574] (custom_srv_demo) StdoutLine: {'line': b'-- Found ament_cmake_ros: 0.10.0 (/opt/ros/humble/share/ament_cmake_ros/cmake)\n'}
[2.105169] (-) TimerEvent: {}
[2.205578] (-) TimerEvent: {}
[2.305983] (-) TimerEvent: {}
[2.338654] (custom_srv_demo) StdoutLine: {'line': b'-- Using all available rosidl_typesupport_c: rosidl_typesupport_fastrtps_c;rosidl_typesupport_introspection_c\n'}
[2.406267] (-) TimerEvent: {}
[2.430325] (custom_srv_demo) StdoutLine: {'line': b'-- Using all available rosidl_typesupport_cpp: rosidl_typesupport_fastrtps_cpp;rosidl_typesupport_introspection_cpp\n'}
[2.449518] (custom_srv_demo) StdoutLine: {'line': b'-- Found PythonInterp: /usr/bin/python3 (found suitable version "3.10.12", minimum required is "3.6") \n'}
[2.454935] (custom_srv_demo) StdoutLine: {'line': b'-- Found python_cmake_module: 0.10.0 (/opt/ros/humble/share/python_cmake_module/cmake)\n'}
[2.479183] (custom_srv_demo) StdoutLine: {'line': b'-- Found PythonLibs: /usr/lib/x86_64-linux-gnu/libpython3.10.so (found suitable version "3.10.12", minimum required is "3.5") \n'}
[2.479336] (custom_srv_demo) StdoutLine: {'line': b'-- Using PYTHON_EXECUTABLE: /usr/bin/python3\n'}
[2.479377] (custom_srv_demo) StdoutLine: {'line': b'-- Using PYTHON_INCLUDE_DIRS: /usr/include/python3.10\n'}
[2.479412] (custom_srv_demo) StdoutLine: {'line': b'-- Using PYTHON_LIBRARIES: /usr/lib/x86_64-linux-gnu/libpython3.10.so\n'}
[2.495858] (custom_srv_demo) StdoutLine: {'line': b'-- Found PythonExtra: .so  \n'}
[2.506479] (-) TimerEvent: {}
[2.545094] (custom_srv_demo) StdoutLine: {'line': b'-- Configuring done\n'}
[2.585310] (custom_srv_demo) StdoutLine: {'line': b'-- Generating done\n'}
[2.596028] (custom_srv_demo) StdoutLine: {'line': b'-- Build files have been written to: /home/robotics/colcon_ws/build/custom_srv_demo\n'}
[2.606644] (custom_srv_demo) CommandEnded: {'returncode': 0}
[2.607292] (-) TimerEvent: {}
[2.607402] (custom_srv_demo) JobProgress: {'identifier': 'custom_srv_demo', 'progress': 'build'}
[2.607422] (custom_srv_demo) Command: {'cmd': ['/usr/bin/cmake', '--build', '/home/robotics/colcon_ws/build/custom_srv_demo', '--', '-j8', '-l8'], 'cwd': '/home/robotics/colcon_ws/build/custom_srv_demo', 'env': OrderedDict([('TMUX', '/tmp/tmux-1001/default,34,0'), ('HOSTNAME', 'OrdiJean'), ('SHLVL', '2'), ('LD_LIBRARY_PATH', '/home/robotics/colcon_ws/install/custom_msg_demo/lib:/usr/lib/x86_64-linux-gnu/gazebo-11/plugins:/opt/ros/humble/opt/rviz_ogre_vendor/lib:/opt/ros/humble/lib/x86_64-linux-gnu:/opt/ros/humble/lib'), ('HOME', '/home/robotics'), ('OLDPWD', '/home/robotics/colcon_ws/src'), ('TERM_PROGRAM_VERSION', '3.2a'), ('ROS_PYTHON_VERSION', '3'), ('COLCON_PREFIX_PATH', '/home/robotics/colcon_ws/install'), ('ROS_DISTRO', 'humble'), ('IGN_GAZEBO_MODEL_PATH', '/opt/ros/humble/share'), ('_', '/usr/bin/colcon'), ('ROS_VERSION', '2'), ('TERM', 'screen'), ('GAZEBO_MODEL_PATH', '/opt/ros/humble/share'), ('ROS_LOCALHOST_ONLY', '0'), ('QT_X11_NO_MITSHM', '1'), ('PATH', '/opt/ros/humble/bin:/usr/local/sbin:/usr/local/bin:/usr/sbin:/usr/bin:/sbin:/bin'), ('DISPLAY', ':0'), ('LANG', 'C.UTF-8'), ('LS_COLORS', 'rs=0:di=01;34:ln=01;36:mh=00:pi=40;33:so=01;35:do=01;35:bd=40;33;01:cd=40;33;01:or=40;31;01:mi=00:su=37;41:sg=30;43:ca=30;41:tw=30;42:ow=34;42:st=37;44:ex=01;32:*.tar=01;31:*.tgz=01;31:*.arc=01;31:*.arj=01;31:*.taz=01;31:*.lha=01;31:*.lz4=01;31:*.lzh=01;31:*.lzma=01;31:*.tlz=01;31:*.txz=01;31:*.tzo=01;31:*.t7z=01;31:*.zip=01;31:*.z=01;31:*.dz=01;31:*.gz=01;31:*.lrz=01;31:*.lz=01;31:*.lzo=01;31:*.xz=01;31:*.zst=01;31:*.tzst=01;31:*.bz2=01;31:*.bz=01;31:*.tbz=01;31:*.tbz2=01;31:*.tz=01;31:*.deb=01;31:*.rpm=01;31:*.jar=01;31:*.war=01;31:*.ear=01;31:*.sar=01;31:*.rar=01;31:*.alz=01;31:*.ace=01;31:*.zoo=01;31:*.cpio=01;31:*.7z=01;31:*.rz=01;31:*.cab=01;31:*.wim=01;31:*.swm=01;31:*.dwm=01;31:*.esd=01;31:*.jpg=01;35:*.jpeg=01;35:*.mjpg=01;35:*.mjpeg=01;35:*.gif=01;35:*.bmp=01;35:*.pbm=01;35:*.pgm=01;35:*.ppm=01;35:*.tga=01;35:*.xbm=01;35:*.xpm=01;35:*.tif=01;35:*.tiff=01;35:*.png=01;35:*.svg=01;35:*.svgz=01;35:*.mng=01;35:*.pcx=01;35:*.mov=01;35:*.mpg=01;35:*.mpeg=01;35:*.m2v=01;35:*.mkv=01;35:*.webm=01;35:*.webp=01;35:*.ogm=01;35:*.mp4=01;35:*.m4v=01;35:*.mp4v=01;35:*.vob=01;35:*.qt=01;35:*.nuv=01;35:*.wmv=01;35:*.asf=01;35:*.rm=01;35:*.rmvb=01;35:*.flc=01;35:*.avi=01;35:*.fli=01;35:*.flv=01;35:*.gl=01;35:*.dl=01;35:*.xcf=01;35:*.xwd=01;35:*.yuv=01;35:*.cgm=01;35:*.emf=01;35:*.ogv=01;35:*.ogx=01;35:*.aac=00;36:*.au=00;36:*.flac=00;36:*.m4a=00;36:*.mid=00;36:*.midi=00;36:*.mka=00;36:*.mp3=00;36:*.mpc=00;36:*.ogg=00;36:*.ra=00;36:*.wav=00;36:*.oga=00;36:*.opus=00;36:*.spx=00;36:*.xspf=00;36:'), ('TERM_PROGRAM', 'tmux'), ('AMENT_PREFIX_PATH', '/home/robotics/colcon_ws/install/custom_msg_demo:/home/robotics/colcon_ws/install/cpp_pubsub:/opt/ros/humble'), ('DEBIAN_FRONTEND', 'noninteractive'), ('SHELL', '/bin/bash'), ('IGN_GAZEBO_RESOURCE_PATH', '/opt/ros/humble/share'), ('GAZEBO_RESOURCE_PATH', '/opt/ros/humble/share'), ('PWD', '/home/robotics/colcon_ws/build/custom_srv_demo'), ('LC_ALL', 'C.UTF-8'), ('PYTHONPATH', '/home/robotics/colcon_ws/install/custom_msg_demo/local/lib/python3.10/dist-packages:/opt/ros/humble/lib/python3.10/site-packages:/opt/ros/humble/local/lib/python3.10/dist-packages'), ('COLCON', '1'), ('TMUX_PANE', '%0'), ('CMAKE_PREFIX_PATH', '/home/robotics/colcon_ws/install/custom_msg_demo:/home/robotics/colcon_ws/install/cpp_pubsub:/opt/ros/humble')]), 'shell': False}
[2.642916] (custom_srv_demo) StdoutLine: {'line': b'[  2%] \x1b[34m\x1b[1mGenerating C code for ROS interfaces\x1b[0m\n'}
[2.651996] (custom_srv_demo) StdoutLine: {'line': b'[  5%] \x1b[34m\x1b[1mGenerating C++ code for ROS interfaces\x1b[0m\n'}
[2.660899] (custom_srv_demo) StdoutLine: {'line': b'[  5%] Built target ament_cmake_python_copy_custom_srv_demo\n'}
[2.707499] (-) TimerEvent: {}
[2.807923] (-) TimerEvent: {}
[2.905371] (custom_srv_demo) StdoutLine: {'line': b'running egg_info\n'}
[2.906340] (custom_srv_demo) StdoutLine: {'line': b'creating custom_srv_demo.egg-info\n'}
[2.907487] (custom_srv_demo) StdoutLine: {'line': b'writing custom_srv_demo.egg-info/PKG-INFO\n'}
[2.908029] (custom_srv_demo) StdoutLine: {'line': b'writing dependency_links to custom_srv_demo.egg-info/dependency_links.txt\n'}
[2.908223] (-) TimerEvent: {}
[2.908490] (custom_srv_demo) StdoutLine: {'line': b'writing top-level names to custom_srv_demo.egg-info/top_level.txt\n'}
[2.908752] (custom_srv_demo) StdoutLine: {'line': b"writing manifest file 'custom_srv_demo.egg-info/SOURCES.txt'\n"}
[2.911472] (custom_srv_demo) StdoutLine: {'line': b"reading manifest file 'custom_srv_demo.egg-info/SOURCES.txt'\n"}
[2.911914] (custom_srv_demo) StdoutLine: {'line': b"writing manifest file 'custom_srv_demo.egg-info/SOURCES.txt'\n"}
[2.931557] (custom_srv_demo) StdoutLine: {'line': b'[  8%] \x1b[32mBuilding C object CMakeFiles/custom_srv_demo__rosidl_generator_c.dir/rosidl_generator_c/custom_srv_demo/srv/detail/can_move__functions.c.o\x1b[0m\n'}
[2.939157] (custom_srv_demo) StdoutLine: {'line': b'[  8%] Built target ament_cmake_python_build_custom_srv_demo_egg\n'}
[2.966118] (custom_srv_demo) StdoutLine: {'line': b'[  8%] Built target custom_srv_demo__cpp\n'}
[2.976665] (custom_srv_demo) StdoutLine: {'line': b'[ 11%] \x1b[34m\x1b[1mGenerating C++ type support dispatch for ROS interfaces\x1b[0m\n'}
[2.978729] (custom_srv_demo) StdoutLine: {'line': b'[ 14%] \x1b[34m\x1b[1mGenerating C++ type support for eProsima Fast-RTPS\x1b[0m\n'}
[2.978980] (custom_srv_demo) StdoutLine: {'line': b'[ 17%] \x1b[34m\x1b[1mGenerating C++ introspection for ROS interfaces\x1b[0m\n'}
[3.008435] (-) TimerEvent: {}
[3.019862] (custom_srv_demo) StdoutLine: {'line': b'[ 20%] \x1b[32m\x1b[1mLinking C shared library libcustom_srv_demo__rosidl_generator_c.so\x1b[0m\n'}
[3.063584] (custom_srv_demo) StdoutLine: {'line': b'[ 20%] Built target custom_srv_demo__rosidl_generator_c\n'}
[3.074663] (custom_srv_demo) StdoutLine: {'line': b'[ 22%] \x1b[34m\x1b[1mGenerating C introspection for ROS interfaces\x1b[0m\n'}
[3.075024] (custom_srv_demo) StdoutLine: {'line': b'[ 25%] \x1b[34m\x1b[1mGenerating C type support for eProsima Fast-RTPS\x1b[0m\n'}
[3.076023] (custom_srv_demo) StdoutLine: {'line': b'[ 28%] \x1b[34m\x1b[1mGenerating C type support dispatch for ROS interfaces\x1b[0m\n'}
[3.108600] (-) TimerEvent: {}
[3.209024] (-) TimerEvent: {}
[3.277391] (custom_srv_demo) StdoutLine: {'line': b'[ 31%] \x1b[32mBuilding CXX object CMakeFiles/custom_srv_demo__rosidl_typesupport_cpp.dir/rosidl_typesupport_cpp/custom_srv_demo/srv/can_move__type_support.cpp.o\x1b[0m\n'}
[3.294560] (custom_srv_demo) StdoutLine: {'line': b'[ 34%] \x1b[32mBuilding CXX object CMakeFiles/custom_srv_demo__rosidl_typesupport_introspection_cpp.dir/rosidl_typesupport_introspection_cpp/custom_srv_demo/srv/detail/can_move__type_support.cpp.o\x1b[0m\n'}
[3.309178] (-) TimerEvent: {}
[3.335578] (custom_srv_demo) StdoutLine: {'line': b'[ 37%] \x1b[32mBuilding CXX object CMakeFiles/custom_srv_demo__rosidl_typesupport_fastrtps_cpp.dir/rosidl_typesupport_fastrtps_cpp/custom_srv_demo/srv/detail/dds_fastrtps/can_move__type_support.cpp.o\x1b[0m\n'}
[3.364185] (custom_srv_demo) StdoutLine: {'line': b'[ 40%] \x1b[32mBuilding CXX object CMakeFiles/custom_srv_demo__rosidl_typesupport_c.dir/rosidl_typesupport_c/custom_srv_demo/srv/can_move__type_support.cpp.o\x1b[0m\n'}
[3.409353] (-) TimerEvent: {}
[3.411472] (custom_srv_demo) StdoutLine: {'line': b'[ 42%] \x1b[32m\x1b[1mLinking CXX shared library libcustom_srv_demo__rosidl_typesupport_c.so\x1b[0m\n'}
[3.427918] (custom_srv_demo) StdoutLine: {'line': b'[ 45%] \x1b[32mBuilding CXX object CMakeFiles/custom_srv_demo__rosidl_typesupport_fastrtps_c.dir/rosidl_typesupport_fastrtps_c/custom_srv_demo/srv/detail/can_move__type_support_c.cpp.o\x1b[0m\n'}
[3.432162] (custom_srv_demo) StdoutLine: {'line': b'[ 48%] \x1b[32mBuilding C object CMakeFiles/custom_srv_demo__rosidl_typesupport_introspection_c.dir/rosidl_typesupport_introspection_c/custom_srv_demo/srv/detail/can_move__type_support.c.o\x1b[0m\n'}
[3.459624] (custom_srv_demo) StdoutLine: {'line': b'[ 48%] Built target custom_srv_demo__rosidl_typesupport_c\n'}
[3.476015] (custom_srv_demo) StdoutLine: {'line': b'[ 51%] \x1b[32m\x1b[1mLinking C shared library libcustom_srv_demo__rosidl_typesupport_introspection_c.so\x1b[0m\n'}
[3.509562] (-) TimerEvent: {}
[3.519305] (custom_srv_demo) StdoutLine: {'line': b'[ 51%] Built target custom_srv_demo__rosidl_typesupport_introspection_c\n'}
[3.609769] (-) TimerEvent: {}
[3.618017] (custom_srv_demo) StdoutLine: {'line': b'[ 54%] \x1b[32m\x1b[1mLinking CXX shared library libcustom_srv_demo__rosidl_typesupport_cpp.so\x1b[0m\n'}
[3.656199] (custom_srv_demo) StdoutLine: {'line': b'[ 54%] Built target custom_srv_demo__rosidl_typesupport_cpp\n'}
[3.679203] (custom_srv_demo) StdoutLine: {'line': b'[ 57%] \x1b[32mBuilding CXX object CMakeFiles/can_move_server.dir/src/can_move_server.cpp.o\x1b[0m\n'}
[3.682199] (custom_srv_demo) StdoutLine: {'line': b'[ 60%] \x1b[32mBuilding CXX object CMakeFiles/can_move_client.dir/src/can_move_client.cpp.o\x1b[0m\n'}
[3.709949] (-) TimerEvent: {}
[3.775279] (custom_srv_demo) StdoutLine: {'line': b'[ 62%] \x1b[32m\x1b[1mLinking CXX shared library libcustom_srv_demo__rosidl_typesupport_introspection_cpp.so\x1b[0m\n'}
[3.810106] (-) TimerEvent: {}
[3.836937] (custom_srv_demo) StdoutLine: {'line': b'[ 65%] \x1b[32m\x1b[1mLinking CXX shared library libcustom_srv_demo__rosidl_typesupport_fastrtps_cpp.so\x1b[0m\n'}
[3.838217] (custom_srv_demo) StdoutLine: {'line': b'[ 68%] \x1b[32m\x1b[1mLinking CXX shared library libcustom_srv_demo__rosidl_typesupport_fastrtps_c.so\x1b[0m\n'}
[3.851482] (custom_srv_demo) StdoutLine: {'line': b'[ 68%] Built target custom_srv_demo__rosidl_typesupport_introspection_cpp\n'}
[3.910318] (-) TimerEvent: {}
[3.925196] (custom_srv_demo) StdoutLine: {'line': b'[ 68%] Built target custom_srv_demo__rosidl_typesupport_fastrtps_c\n'}
[3.926022] (custom_srv_demo) StdoutLine: {'line': b'[ 68%] Built target custom_srv_demo__rosidl_typesupport_fastrtps_cpp\n'}
[3.945274] (custom_srv_demo) StdoutLine: {'line': b'[ 68%] Built target custom_srv_demo\n'}
[3.964315] (custom_srv_demo) StdoutLine: {'line': b'[ 71%] \x1b[34m\x1b[1mGenerating Python code for ROS interfaces\x1b[0m\n'}
[4.010440] (-) TimerEvent: {}
[4.110900] (-) TimerEvent: {}
[4.211303] (-) TimerEvent: {}
[4.307511] (custom_srv_demo) StdoutLine: {'line': b'[ 71%] Built target custom_srv_demo__py\n'}
[4.311509] (-) TimerEvent: {}
[4.329153] (custom_srv_demo) StdoutLine: {'line': b'[ 74%] \x1b[32mBuilding C object CMakeFiles/custom_srv_demo__rosidl_generator_py.dir/rosidl_generator_py/custom_srv_demo/srv/_can_move_s.c.o\x1b[0m\n'}
[4.411771] (-) TimerEvent: {}
[4.484765] (custom_srv_demo) StdoutLine: {'line': b'[ 77%] \x1b[32m\x1b[1mLinking C shared library rosidl_generator_py/custom_srv_demo/libcustom_srv_demo__rosidl_generator_py.so\x1b[0m\n'}
[4.512001] (-) TimerEvent: {}
[4.525143] (custom_srv_demo) StdoutLine: {'line': b'[ 77%] Built target custom_srv_demo__rosidl_generator_py\n'}
[4.548784] (custom_srv_demo) StdoutLine: {'line': b'[ 80%] \x1b[32mBuilding C object CMakeFiles/custom_srv_demo__rosidl_typesupport_introspection_c__pyext.dir/rosidl_generator_py/custom_srv_demo/_custom_srv_demo_s.ep.rosidl_typesupport_introspection_c.c.o\x1b[0m\n'}
[4.549671] (custom_srv_demo) StdoutLine: {'line': b'[ 82%] \x1b[32mBuilding C object CMakeFiles/custom_srv_demo__rosidl_typesupport_c__pyext.dir/rosidl_generator_py/custom_srv_demo/_custom_srv_demo_s.ep.rosidl_typesupport_c.c.o\x1b[0m\n'}
[4.550769] (custom_srv_demo) StdoutLine: {'line': b'[ 85%] \x1b[32mBuilding C object CMakeFiles/custom_srv_demo__rosidl_typesupport_fastrtps_c__pyext.dir/rosidl_generator_py/custom_srv_demo/_custom_srv_demo_s.ep.rosidl_typesupport_fastrtps_c.c.o\x1b[0m\n'}
[4.612183] (-) TimerEvent: {}
[4.670668] (custom_srv_demo) StdoutLine: {'line': b'[ 88%] \x1b[32m\x1b[1mLinking C shared library rosidl_generator_py/custom_srv_demo/custom_srv_demo_s__rosidl_typesupport_c.cpython-310-x86_64-linux-gnu.so\x1b[0m\n'}
[4.674342] (custom_srv_demo) StdoutLine: {'line': b'[ 91%] \x1b[32m\x1b[1mLinking C shared library rosidl_generator_py/custom_srv_demo/custom_srv_demo_s__rosidl_typesupport_introspection_c.cpython-310-x86_64-linux-gnu.so\x1b[0m\n'}
[4.681962] (custom_srv_demo) StdoutLine: {'line': b'[ 94%] \x1b[32m\x1b[1mLinking C shared library rosidl_generator_py/custom_srv_demo/custom_srv_demo_s__rosidl_typesupport_fastrtps_c.cpython-310-x86_64-linux-gnu.so\x1b[0m\n'}
[4.711196] (custom_srv_demo) StdoutLine: {'line': b'[ 94%] Built target custom_srv_demo__rosidl_typesupport_c__pyext\n'}
[4.712305] (-) TimerEvent: {}
[4.714527] (custom_srv_demo) StdoutLine: {'line': b'[ 94%] Built target custom_srv_demo__rosidl_typesupport_introspection_c__pyext\n'}
[4.720501] (custom_srv_demo) StdoutLine: {'line': b'[ 94%] Built target custom_srv_demo__rosidl_typesupport_fastrtps_c__pyext\n'}
[4.812481] (-) TimerEvent: {}
[4.912908] (-) TimerEvent: {}
[5.013347] (-) TimerEvent: {}
[5.113781] (-) TimerEvent: {}
[5.214280] (-) TimerEvent: {}
[5.314749] (-) TimerEvent: {}
[5.415235] (-) TimerEvent: {}
[5.515756] (-) TimerEvent: {}
[5.616176] (-) TimerEvent: {}
[5.716604] (-) TimerEvent: {}
[5.817148] (-) TimerEvent: {}
[5.917569] (-) TimerEvent: {}
[6.017964] (-) TimerEvent: {}
[6.118560] (-) TimerEvent: {}
[6.219036] (-) TimerEvent: {}
[6.319505] (-) TimerEvent: {}
[6.419982] (-) TimerEvent: {}
[6.520551] (-) TimerEvent: {}
[6.621105] (-) TimerEvent: {}
[6.721574] (-) TimerEvent: {}
[6.822071] (-) TimerEvent: {}
[6.922830] (-) TimerEvent: {}
[7.023333] (-) TimerEvent: {}
[7.123872] (-) TimerEvent: {}
[7.224249] (-) TimerEvent: {}
[7.285948] (custom_srv_demo) StdoutLine: {'line': b'[ 97%] \x1b[32m\x1b[1mLinking CXX executable can_move_server\x1b[0m\n'}
[7.324444] (-) TimerEvent: {}
[7.349597] (custom_srv_demo) StdoutLine: {'line': b'[100%] \x1b[32m\x1b[1mLinking CXX executable can_move_client\x1b[0m\n'}
[7.424766] (-) TimerEvent: {}
[7.469750] (custom_srv_demo) StdoutLine: {'line': b'[100%] Built target can_move_server\n'}
[7.487845] (custom_srv_demo) StdoutLine: {'line': b'[100%] Built target can_move_client\n'}
[7.498541] (custom_srv_demo) CommandEnded: {'returncode': 0}
[7.499153] (custom_srv_demo) JobProgress: {'identifier': 'custom_srv_demo', 'progress': 'install'}
[7.500435] (custom_srv_demo) Command: {'cmd': ['/usr/bin/cmake', '--install', '/home/robotics/colcon_ws/build/custom_srv_demo'], 'cwd': '/home/robotics/colcon_ws/build/custom_srv_demo', 'env': OrderedDict([('TMUX', '/tmp/tmux-1001/default,34,0'), ('HOSTNAME', 'OrdiJean'), ('SHLVL', '2'), ('LD_LIBRARY_PATH', '/home/robotics/colcon_ws/install/custom_msg_demo/lib:/usr/lib/x86_64-linux-gnu/gazebo-11/plugins:/opt/ros/humble/opt/rviz_ogre_vendor/lib:/opt/ros/humble/lib/x86_64-linux-gnu:/opt/ros/humble/lib'), ('HOME', '/home/robotics'), ('OLDPWD', '/home/robotics/colcon_ws/src'), ('TERM_PROGRAM_VERSION', '3.2a'), ('ROS_PYTHON_VERSION', '3'), ('COLCON_PREFIX_PATH', '/home/robotics/colcon_ws/install'), ('ROS_DISTRO', 'humble'), ('IGN_GAZEBO_MODEL_PATH', '/opt/ros/humble/share'), ('_', '/usr/bin/colcon'), ('ROS_VERSION', '2'), ('TERM', 'screen'), ('GAZEBO_MODEL_PATH', '/opt/ros/humble/share'), ('ROS_LOCALHOST_ONLY', '0'), ('QT_X11_NO_MITSHM', '1'), ('PATH', '/opt/ros/humble/bin:/usr/local/sbin:/usr/local/bin:/usr/sbin:/usr/bin:/sbin:/bin'), ('DISPLAY', ':0'), ('LANG', 'C.UTF-8'), ('LS_COLORS', 'rs=0:di=01;34:ln=01;36:mh=00:pi=40;33:so=01;35:do=01;35:bd=40;33;01:cd=40;33;01:or=40;31;01:mi=00:su=37;41:sg=30;43:ca=30;41:tw=30;42:ow=34;42:st=37;44:ex=01;32:*.tar=01;31:*.tgz=01;31:*.arc=01;31:*.arj=01;31:*.taz=01;31:*.lha=01;31:*.lz4=01;31:*.lzh=01;31:*.lzma=01;31:*.tlz=01;31:*.txz=01;31:*.tzo=01;31:*.t7z=01;31:*.zip=01;31:*.z=01;31:*.dz=01;31:*.gz=01;31:*.lrz=01;31:*.lz=01;31:*.lzo=01;31:*.xz=01;31:*.zst=01;31:*.tzst=01;31:*.bz2=01;31:*.bz=01;31:*.tbz=01;31:*.tbz2=01;31:*.tz=01;31:*.deb=01;31:*.rpm=01;31:*.jar=01;31:*.war=01;31:*.ear=01;31:*.sar=01;31:*.rar=01;31:*.alz=01;31:*.ace=01;31:*.zoo=01;31:*.cpio=01;31:*.7z=01;31:*.rz=01;31:*.cab=01;31:*.wim=01;31:*.swm=01;31:*.dwm=01;31:*.esd=01;31:*.jpg=01;35:*.jpeg=01;35:*.mjpg=01;35:*.mjpeg=01;35:*.gif=01;35:*.bmp=01;35:*.pbm=01;35:*.pgm=01;35:*.ppm=01;35:*.tga=01;35:*.xbm=01;35:*.xpm=01;35:*.tif=01;35:*.tiff=01;35:*.png=01;35:*.svg=01;35:*.svgz=01;35:*.mng=01;35:*.pcx=01;35:*.mov=01;35:*.mpg=01;35:*.mpeg=01;35:*.m2v=01;35:*.mkv=01;35:*.webm=01;35:*.webp=01;35:*.ogm=01;35:*.mp4=01;35:*.m4v=01;35:*.mp4v=01;35:*.vob=01;35:*.qt=01;35:*.nuv=01;35:*.wmv=01;35:*.asf=01;35:*.rm=01;35:*.rmvb=01;35:*.flc=01;35:*.avi=01;35:*.fli=01;35:*.flv=01;35:*.gl=01;35:*.dl=01;35:*.xcf=01;35:*.xwd=01;35:*.yuv=01;35:*.cgm=01;35:*.emf=01;35:*.ogv=01;35:*.ogx=01;35:*.aac=00;36:*.au=00;36:*.flac=00;36:*.m4a=00;36:*.mid=00;36:*.midi=00;36:*.mka=00;36:*.mp3=00;36:*.mpc=00;36:*.ogg=00;36:*.ra=00;36:*.wav=00;36:*.oga=00;36:*.opus=00;36:*.spx=00;36:*.xspf=00;36:'), ('TERM_PROGRAM', 'tmux'), ('AMENT_PREFIX_PATH', '/home/robotics/colcon_ws/install/custom_msg_demo:/home/robotics/colcon_ws/install/cpp_pubsub:/opt/ros/humble'), ('DEBIAN_FRONTEND', 'noninteractive'), ('SHELL', '/bin/bash'), ('IGN_GAZEBO_RESOURCE_PATH', '/opt/ros/humble/share'), ('GAZEBO_RESOURCE_PATH', '/opt/ros/humble/share'), ('PWD', '/home/robotics/colcon_ws/build/custom_srv_demo'), ('LC_ALL', 'C.UTF-8'), ('PYTHONPATH', '/home/robotics/colcon_ws/install/custom_msg_demo/local/lib/python3.10/dist-packages:/opt/ros/humble/lib/python3.10/site-packages:/opt/ros/humble/local/lib/python3.10/dist-packages'), ('COLCON', '1'), ('TMUX_PANE', '%0'), ('CMAKE_PREFIX_PATH', '/home/robotics/colcon_ws/install/custom_msg_demo:/home/robotics/colcon_ws/install/cpp_pubsub:/opt/ros/humble')]), 'shell': False}
[7.506968] (custom_srv_demo) StdoutLine: {'line': b'-- Install configuration: ""\n'}
[7.507994] (custom_srv_demo) StdoutLine: {'line': b'-- Installing: /home/robotics/colcon_ws/install/custom_srv_demo/share/ament_index/resource_index/rosidl_interfaces/custom_srv_demo\n'}
[7.508321] (custom_srv_demo) StdoutLine: {'line': b'-- Installing: /home/robotics/colcon_ws/install/custom_srv_demo/include/custom_srv_demo/custom_srv_demo\n'}
[7.508868] (custom_srv_demo) StdoutLine: {'line': b'-- Installing: /home/robotics/colcon_ws/install/custom_srv_demo/include/custom_srv_demo/custom_srv_demo/msg\n'}
[7.509129] (custom_srv_demo) StdoutLine: {'line': b'-- Installing: /home/robotics/colcon_ws/install/custom_srv_demo/include/custom_srv_demo/custom_srv_demo/msg/rosidl_generator_c__visibility_control.h\n'}
[7.509243] (custom_srv_demo) StdoutLine: {'line': b'-- Installing: /home/robotics/colcon_ws/install/custom_srv_demo/include/custom_srv_demo/custom_srv_demo/srv\n'}
[7.509388] (custom_srv_demo) StdoutLine: {'line': b'-- Installing: /home/robotics/colcon_ws/install/custom_srv_demo/include/custom_srv_demo/custom_srv_demo/srv/detail\n'}
[7.509450] (custom_srv_demo) StdoutLine: {'line': b'-- Installing: /home/robotics/colcon_ws/install/custom_srv_demo/include/custom_srv_demo/custom_srv_demo/srv/detail/can_move__type_support.h\n'}
[7.509683] (custom_srv_demo) StdoutLine: {'line': b'-- Installing: /home/robotics/colcon_ws/install/custom_srv_demo/include/custom_srv_demo/custom_srv_demo/srv/detail/can_move__functions.h\n'}
[7.509769] (custom_srv_demo) StdoutLine: {'line': b'-- Installing: /home/robotics/colcon_ws/install/custom_srv_demo/include/custom_srv_demo/custom_srv_demo/srv/detail/can_move__functions.c\n'}
[7.509924] (custom_srv_demo) StdoutLine: {'line': b'-- Installing: /home/robotics/colcon_ws/install/custom_srv_demo/include/custom_srv_demo/custom_srv_demo/srv/detail/can_move__struct.h\n'}
[7.510155] (custom_srv_demo) StdoutLine: {'line': b'-- Installing: /home/robotics/colcon_ws/install/custom_srv_demo/include/custom_srv_demo/custom_srv_demo/srv/can_move.h\n'}
[7.510714] (custom_srv_demo) StdoutLine: {'line': b'-- Installing: /home/robotics/colcon_ws/install/custom_srv_demo/share/custom_srv_demo/environment/library_path.sh\n'}
[7.510920] (custom_srv_demo) StdoutLine: {'line': b'-- Installing: /home/robotics/colcon_ws/install/custom_srv_demo/share/custom_srv_demo/environment/library_path.dsv\n'}
[7.511415] (custom_srv_demo) StdoutLine: {'line': b'-- Installing: /home/robotics/colcon_ws/install/custom_srv_demo/lib/libcustom_srv_demo__rosidl_generator_c.so\n'}
[7.511669] (custom_srv_demo) StdoutLine: {'line': b'-- Set runtime path of "/home/robotics/colcon_ws/install/custom_srv_demo/lib/libcustom_srv_demo__rosidl_generator_c.so" to ""\n'}
[7.511729] (custom_srv_demo) StdoutLine: {'line': b'-- Up-to-date: /home/robotics/colcon_ws/install/custom_srv_demo/include/custom_srv_demo/custom_srv_demo\n'}
[7.511888] (custom_srv_demo) StdoutLine: {'line': b'-- Up-to-date: /home/robotics/colcon_ws/install/custom_srv_demo/include/custom_srv_demo/custom_srv_demo/msg\n'}
[7.511937] (custom_srv_demo) StdoutLine: {'line': b'-- Installing: /home/robotics/colcon_ws/install/custom_srv_demo/include/custom_srv_demo/custom_srv_demo/msg/rosidl_typesupport_fastrtps_c__visibility_control.h\n'}
[7.511991] (custom_srv_demo) StdoutLine: {'line': b'-- Up-to-date: /home/robotics/colcon_ws/install/custom_srv_demo/include/custom_srv_demo/custom_srv_demo/srv\n'}
[7.512030] (custom_srv_demo) StdoutLine: {'line': b'-- Up-to-date: /home/robotics/colcon_ws/install/custom_srv_demo/include/custom_srv_demo/custom_srv_demo/srv/detail\n'}
[7.512069] (custom_srv_demo) StdoutLine: {'line': b'-- Installing: /home/robotics/colcon_ws/install/custom_srv_demo/include/custom_srv_demo/custom_srv_demo/srv/detail/can_move__rosidl_typesupport_fastrtps_c.h\n'}
[7.512163] (custom_srv_demo) StdoutLine: {'line': b'-- Installing: /home/robotics/colcon_ws/install/custom_srv_demo/lib/libcustom_srv_demo__rosidl_typesupport_fastrtps_c.so\n'}
[7.512372] (custom_srv_demo) StdoutLine: {'line': b'-- Set runtime path of "/home/robotics/colcon_ws/install/custom_srv_demo/lib/libcustom_srv_demo__rosidl_typesupport_fastrtps_c.so" to ""\n'}
[7.512452] (custom_srv_demo) StdoutLine: {'line': b'-- Up-to-date: /home/robotics/colcon_ws/install/custom_srv_demo/include/custom_srv_demo/custom_srv_demo\n'}
[7.512533] (custom_srv_demo) StdoutLine: {'line': b'-- Up-to-date: /home/robotics/colcon_ws/install/custom_srv_demo/include/custom_srv_demo/custom_srv_demo/msg\n'}
[7.512581] (custom_srv_demo) StdoutLine: {'line': b'-- Installing: /home/robotics/colcon_ws/install/custom_srv_demo/include/custom_srv_demo/custom_srv_demo/msg/rosidl_generator_cpp__visibility_control.hpp\n'}
[7.512645] (custom_srv_demo) StdoutLine: {'line': b'-- Up-to-date: /home/robotics/colcon_ws/install/custom_srv_demo/include/custom_srv_demo/custom_srv_demo/srv\n'}
[7.512833] (custom_srv_demo) StdoutLine: {'line': b'-- Installing: /home/robotics/colcon_ws/install/custom_srv_demo/include/custom_srv_demo/custom_srv_demo/srv/can_move.hpp\n'}
[7.512924] (custom_srv_demo) StdoutLine: {'line': b'-- Up-to-date: /home/robotics/colcon_ws/install/custom_srv_demo/include/custom_srv_demo/custom_srv_demo/srv/detail\n'}
[7.512968] (custom_srv_demo) StdoutLine: {'line': b'-- Installing: /home/robotics/colcon_ws/install/custom_srv_demo/include/custom_srv_demo/custom_srv_demo/srv/detail/can_move__traits.hpp\n'}
[7.513043] (custom_srv_demo) StdoutLine: {'line': b'-- Installing: /home/robotics/colcon_ws/install/custom_srv_demo/include/custom_srv_demo/custom_srv_demo/srv/detail/can_move__struct.hpp\n'}
[7.513125] (custom_srv_demo) StdoutLine: {'line': b'-- Installing: /home/robotics/colcon_ws/install/custom_srv_demo/include/custom_srv_demo/custom_srv_demo/srv/detail/can_move__type_support.hpp\n'}
[7.513355] (custom_srv_demo) StdoutLine: {'line': b'-- Installing: /home/robotics/colcon_ws/install/custom_srv_demo/include/custom_srv_demo/custom_srv_demo/srv/detail/can_move__builder.hpp\n'}
[7.513427] (custom_srv_demo) StdoutLine: {'line': b'-- Up-to-date: /home/robotics/colcon_ws/install/custom_srv_demo/include/custom_srv_demo/custom_srv_demo\n'}
[7.513467] (custom_srv_demo) StdoutLine: {'line': b'-- Up-to-date: /home/robotics/colcon_ws/install/custom_srv_demo/include/custom_srv_demo/custom_srv_demo/msg\n'}
[7.513502] (custom_srv_demo) StdoutLine: {'line': b'-- Installing: /home/robotics/colcon_ws/install/custom_srv_demo/include/custom_srv_demo/custom_srv_demo/msg/rosidl_typesupport_fastrtps_cpp__visibility_control.h\n'}
[7.513541] (custom_srv_demo) StdoutLine: {'line': b'-- Up-to-date: /home/robotics/colcon_ws/install/custom_srv_demo/include/custom_srv_demo/custom_srv_demo/srv\n'}
[7.513578] (custom_srv_demo) StdoutLine: {'line': b'-- Up-to-date: /home/robotics/colcon_ws/install/custom_srv_demo/include/custom_srv_demo/custom_srv_demo/srv/detail\n'}
[7.513615] (custom_srv_demo) StdoutLine: {'line': b'-- Installing: /home/robotics/colcon_ws/install/custom_srv_demo/include/custom_srv_demo/custom_srv_demo/srv/detail/dds_fastrtps\n'}
[7.513834] (custom_srv_demo) StdoutLine: {'line': b'-- Installing: /home/robotics/colcon_ws/install/custom_srv_demo/include/custom_srv_demo/custom_srv_demo/srv/detail/can_move__rosidl_typesupport_fastrtps_cpp.hpp\n'}
[7.513910] (custom_srv_demo) StdoutLine: {'line': b'-- Installing: /home/robotics/colcon_ws/install/custom_srv_demo/lib/libcustom_srv_demo__rosidl_typesupport_fastrtps_cpp.so\n'}
[7.514329] (custom_srv_demo) StdoutLine: {'line': b'-- Set runtime path of "/home/robotics/colcon_ws/install/custom_srv_demo/lib/libcustom_srv_demo__rosidl_typesupport_fastrtps_cpp.so" to ""\n'}
[7.514412] (custom_srv_demo) StdoutLine: {'line': b'-- Up-to-date: /home/robotics/colcon_ws/install/custom_srv_demo/include/custom_srv_demo/custom_srv_demo\n'}
[7.514497] (custom_srv_demo) StdoutLine: {'line': b'-- Up-to-date: /home/robotics/colcon_ws/install/custom_srv_demo/include/custom_srv_demo/custom_srv_demo/msg\n'}
[7.514600] (custom_srv_demo) StdoutLine: {'line': b'-- Installing: /home/robotics/colcon_ws/install/custom_srv_demo/include/custom_srv_demo/custom_srv_demo/msg/rosidl_typesupport_introspection_c__visibility_control.h\n'}
[7.514724] (custom_srv_demo) StdoutLine: {'line': b'-- Up-to-date: /home/robotics/colcon_ws/install/custom_srv_demo/include/custom_srv_demo/custom_srv_demo/srv\n'}
[7.514846] (custom_srv_demo) StdoutLine: {'line': b'-- Up-to-date: /home/robotics/colcon_ws/install/custom_srv_demo/include/custom_srv_demo/custom_srv_demo/srv/detail\n'}
[7.514900] (custom_srv_demo) StdoutLine: {'line': b'-- Installing: /home/robotics/colcon_ws/install/custom_srv_demo/include/custom_srv_demo/custom_srv_demo/srv/detail/can_move__rosidl_typesupport_introspection_c.h\n'}
[7.515121] (custom_srv_demo) StdoutLine: {'line': b'-- Installing: /home/robotics/colcon_ws/install/custom_srv_demo/include/custom_srv_demo/custom_srv_demo/srv/detail/can_move__type_support.c\n'}
[7.515197] (custom_srv_demo) StdoutLine: {'line': b'-- Installing: /home/robotics/colcon_ws/install/custom_srv_demo/lib/libcustom_srv_demo__rosidl_typesupport_introspection_c.so\n'}
[7.515306] (custom_srv_demo) StdoutLine: {'line': b'-- Set runtime path of "/home/robotics/colcon_ws/install/custom_srv_demo/lib/libcustom_srv_demo__rosidl_typesupport_introspection_c.so" to ""\n'}
[7.515420] (custom_srv_demo) StdoutLine: {'line': b'-- Installing: /home/robotics/colcon_ws/install/custom_srv_demo/lib/libcustom_srv_demo__rosidl_typesupport_c.so\n'}
[7.515619] (custom_srv_demo) StdoutLine: {'line': b'-- Set runtime path of "/home/robotics/colcon_ws/install/custom_srv_demo/lib/libcustom_srv_demo__rosidl_typesupport_c.so" to ""\n'}
[7.515701] (custom_srv_demo) StdoutLine: {'line': b'-- Up-to-date: /home/robotics/colcon_ws/install/custom_srv_demo/include/custom_srv_demo/custom_srv_demo\n'}
[7.515830] (custom_srv_demo) StdoutLine: {'line': b'-- Up-to-date: /home/robotics/colcon_ws/install/custom_srv_demo/include/custom_srv_demo/custom_srv_demo/srv\n'}
[7.515957] (custom_srv_demo) StdoutLine: {'line': b'-- Up-to-date: /home/robotics/colcon_ws/install/custom_srv_demo/include/custom_srv_demo/custom_srv_demo/srv/detail\n'}
[7.516071] (custom_srv_demo) StdoutLine: {'line': b'-- Installing: /home/robotics/colcon_ws/install/custom_srv_demo/include/custom_srv_demo/custom_srv_demo/srv/detail/can_move__rosidl_typesupport_introspection_cpp.hpp\n'}
[7.516183] (custom_srv_demo) StdoutLine: {'line': b'-- Installing: /home/robotics/colcon_ws/install/custom_srv_demo/include/custom_srv_demo/custom_srv_demo/srv/detail/can_move__type_support.cpp\n'}
[7.516376] (custom_srv_demo) StdoutLine: {'line': b'-- Installing: /home/robotics/colcon_ws/install/custom_srv_demo/lib/libcustom_srv_demo__rosidl_typesupport_introspection_cpp.so\n'}
[7.516493] (custom_srv_demo) StdoutLine: {'line': b'-- Set runtime path of "/home/robotics/colcon_ws/install/custom_srv_demo/lib/libcustom_srv_demo__rosidl_typesupport_introspection_cpp.so" to ""\n'}
[7.516606] (custom_srv_demo) StdoutLine: {'line': b'-- Installing: /home/robotics/colcon_ws/install/custom_srv_demo/lib/libcustom_srv_demo__rosidl_typesupport_cpp.so\n'}
[7.516718] (custom_srv_demo) StdoutLine: {'line': b'-- Set runtime path of "/home/robotics/colcon_ws/install/custom_srv_demo/lib/libcustom_srv_demo__rosidl_typesupport_cpp.so" to ""\n'}
[7.516829] (custom_srv_demo) StdoutLine: {'line': b'-- Installing: /home/robotics/colcon_ws/install/custom_srv_demo/share/custom_srv_demo/environment/pythonpath.sh\n'}
[7.517022] (custom_srv_demo) StdoutLine: {'line': b'-- Installing: /home/robotics/colcon_ws/install/custom_srv_demo/share/custom_srv_demo/environment/pythonpath.dsv\n'}
[7.517091] (custom_srv_demo) StdoutLine: {'line': b'-- Installing: /home/robotics/colcon_ws/install/custom_srv_demo/local/lib/python3.10/dist-packages/custom_srv_demo-0.0.0-py3.10.egg-info\n'}
[7.517466] (custom_srv_demo) StdoutLine: {'line': b'-- Installing: /home/robotics/colcon_ws/install/custom_srv_demo/local/lib/python3.10/dist-packages/custom_srv_demo-0.0.0-py3.10.egg-info/dependency_links.txt\n'}
[7.517547] (custom_srv_demo) StdoutLine: {'line': b'-- Installing: /home/robotics/colcon_ws/install/custom_srv_demo/local/lib/python3.10/dist-packages/custom_srv_demo-0.0.0-py3.10.egg-info/PKG-INFO\n'}
[7.517747] (custom_srv_demo) StdoutLine: {'line': b'-- Installing: /home/robotics/colcon_ws/install/custom_srv_demo/local/lib/python3.10/dist-packages/custom_srv_demo-0.0.0-py3.10.egg-info/top_level.txt\n'}
[7.517873] (custom_srv_demo) StdoutLine: {'line': b'-- Installing: /home/robotics/colcon_ws/install/custom_srv_demo/local/lib/python3.10/dist-packages/custom_srv_demo-0.0.0-py3.10.egg-info/SOURCES.txt\n'}
[7.518081] (custom_srv_demo) StdoutLine: {'line': b'-- Installing: /home/robotics/colcon_ws/install/custom_srv_demo/local/lib/python3.10/dist-packages/custom_srv_demo\n'}
[7.518298] (custom_srv_demo) StdoutLine: {'line': b'-- Installing: /home/robotics/colcon_ws/install/custom_srv_demo/local/lib/python3.10/dist-packages/custom_srv_demo/custom_srv_demo_s__rosidl_typesupport_c.cpython-310-x86_64-linux-gnu.so\n'}
[7.518449] (custom_srv_demo) StdoutLine: {'line': b'-- Installing: /home/robotics/colcon_ws/install/custom_srv_demo/local/lib/python3.10/dist-packages/custom_srv_demo/_custom_srv_demo_s.ep.rosidl_typesupport_introspection_c.c\n'}
[7.518596] (custom_srv_demo) StdoutLine: {'line': b'-- Installing: /home/robotics/colcon_ws/install/custom_srv_demo/local/lib/python3.10/dist-packages/custom_srv_demo/custom_srv_demo_s__rosidl_typesupport_fastrtps_c.cpython-310-x86_64-linux-gnu.so\n'}
[7.518797] (custom_srv_demo) StdoutLine: {'line': b'-- Installing: /home/robotics/colcon_ws/install/custom_srv_demo/local/lib/python3.10/dist-packages/custom_srv_demo/libcustom_srv_demo__rosidl_generator_py.so\n'}
[7.518861] (custom_srv_demo) StdoutLine: {'line': b'-- Installing: /home/robotics/colcon_ws/install/custom_srv_demo/local/lib/python3.10/dist-packages/custom_srv_demo/srv\n'}
[7.519097] (custom_srv_demo) StdoutLine: {'line': b'-- Installing: /home/robotics/colcon_ws/install/custom_srv_demo/local/lib/python3.10/dist-packages/custom_srv_demo/srv/_can_move.py\n'}
[7.519300] (custom_srv_demo) StdoutLine: {'line': b'-- Installing: /home/robotics/colcon_ws/install/custom_srv_demo/local/lib/python3.10/dist-packages/custom_srv_demo/srv/__init__.py\n'}
[7.519409] (custom_srv_demo) StdoutLine: {'line': b'-- Installing: /home/robotics/colcon_ws/install/custom_srv_demo/local/lib/python3.10/dist-packages/custom_srv_demo/srv/_can_move_s.c\n'}
[7.519656] (custom_srv_demo) StdoutLine: {'line': b'-- Installing: /home/robotics/colcon_ws/install/custom_srv_demo/local/lib/python3.10/dist-packages/custom_srv_demo/__init__.py\n'}
[7.519779] (custom_srv_demo) StdoutLine: {'line': b'-- Installing: /home/robotics/colcon_ws/install/custom_srv_demo/local/lib/python3.10/dist-packages/custom_srv_demo/custom_srv_demo_s__rosidl_typesupport_introspection_c.cpython-310-x86_64-linux-gnu.so\n'}
[7.519941] (custom_srv_demo) StdoutLine: {'line': b'-- Installing: /home/robotics/colcon_ws/install/custom_srv_demo/local/lib/python3.10/dist-packages/custom_srv_demo/_custom_srv_demo_s.ep.rosidl_typesupport_fastrtps_c.c\n'}
[7.520142] (custom_srv_demo) StdoutLine: {'line': b'-- Installing: /home/robotics/colcon_ws/install/custom_srv_demo/local/lib/python3.10/dist-packages/custom_srv_demo/_custom_srv_demo_s.ep.rosidl_typesupport_c.c\n'}
[7.525015] (-) TimerEvent: {}
[7.547915] (custom_srv_demo) StdoutLine: {'line': b"Listing '/home/robotics/colcon_ws/install/custom_srv_demo/local/lib/python3.10/dist-packages/custom_srv_demo'...\n"}
[7.548074] (custom_srv_demo) StdoutLine: {'line': b"Compiling '/home/robotics/colcon_ws/install/custom_srv_demo/local/lib/python3.10/dist-packages/custom_srv_demo/__init__.py'...\n"}
[7.548115] (custom_srv_demo) StdoutLine: {'line': b"Listing '/home/robotics/colcon_ws/install/custom_srv_demo/local/lib/python3.10/dist-packages/custom_srv_demo/srv'...\n"}
[7.548151] (custom_srv_demo) StdoutLine: {'line': b"Compiling '/home/robotics/colcon_ws/install/custom_srv_demo/local/lib/python3.10/dist-packages/custom_srv_demo/srv/__init__.py'...\n"}
[7.548195] (custom_srv_demo) StdoutLine: {'line': b"Compiling '/home/robotics/colcon_ws/install/custom_srv_demo/local/lib/python3.10/dist-packages/custom_srv_demo/srv/_can_move.py'...\n"}
[7.551948] (custom_srv_demo) StdoutLine: {'line': b'-- Installing: /home/robotics/colcon_ws/install/custom_srv_demo/local/lib/python3.10/dist-packages/custom_srv_demo/custom_srv_demo_s__rosidl_typesupport_fastrtps_c.cpython-310-x86_64-linux-gnu.so\n'}
[7.552118] (custom_srv_demo) StdoutLine: {'line': b'-- Set runtime path of "/home/robotics/colcon_ws/install/custom_srv_demo/local/lib/python3.10/dist-packages/custom_srv_demo/custom_srv_demo_s__rosidl_typesupport_fastrtps_c.cpython-310-x86_64-linux-gnu.so" to ""\n'}
[7.552346] (custom_srv_demo) StdoutLine: {'line': b'-- Installing: /home/robotics/colcon_ws/install/custom_srv_demo/local/lib/python3.10/dist-packages/custom_srv_demo/custom_srv_demo_s__rosidl_typesupport_introspection_c.cpython-310-x86_64-linux-gnu.so\n'}
[7.552423] (custom_srv_demo) StdoutLine: {'line': b'-- Set runtime path of "/home/robotics/colcon_ws/install/custom_srv_demo/local/lib/python3.10/dist-packages/custom_srv_demo/custom_srv_demo_s__rosidl_typesupport_introspection_c.cpython-310-x86_64-linux-gnu.so" to ""\n'}
[7.552841] (custom_srv_demo) StdoutLine: {'line': b'-- Installing: /home/robotics/colcon_ws/install/custom_srv_demo/local/lib/python3.10/dist-packages/custom_srv_demo/custom_srv_demo_s__rosidl_typesupport_c.cpython-310-x86_64-linux-gnu.so\n'}
[7.553170] (custom_srv_demo) StdoutLine: {'line': b'-- Set runtime path of "/home/robotics/colcon_ws/install/custom_srv_demo/local/lib/python3.10/dist-packages/custom_srv_demo/custom_srv_demo_s__rosidl_typesupport_c.cpython-310-x86_64-linux-gnu.so" to ""\n'}
[7.553278] (custom_srv_demo) StdoutLine: {'line': b'-- Installing: /home/robotics/colcon_ws/install/custom_srv_demo/lib/libcustom_srv_demo__rosidl_generator_py.so\n'}
[7.553519] (custom_srv_demo) StdoutLine: {'line': b'-- Set runtime path of "/home/robotics/colcon_ws/install/custom_srv_demo/lib/libcustom_srv_demo__rosidl_generator_py.so" to ""\n'}
[7.553727] (custom_srv_demo) StdoutLine: {'line': b'-- Installing: /home/robotics/colcon_ws/install/custom_srv_demo/share/custom_srv_demo/srv/CanMove.idl\n'}
[7.553982] (custom_srv_demo) StdoutLine: {'line': b'-- Installing: /home/robotics/colcon_ws/install/custom_srv_demo/share/custom_srv_demo/srv/CanMove.srv\n'}
[7.554231] (custom_srv_demo) StdoutLine: {'line': b'-- Installing: /home/robotics/colcon_ws/install/custom_srv_demo/share/custom_srv_demo/srv/CanMove_Request.msg\n'}
[7.554306] (custom_srv_demo) StdoutLine: {'line': b'-- Installing: /home/robotics/colcon_ws/install/custom_srv_demo/share/custom_srv_demo/srv/CanMove_Response.msg\n'}
[7.554699] (custom_srv_demo) StdoutLine: {'line': b'-- Installing: /home/robotics/colcon_ws/install/custom_srv_demo/lib/custom_srv_demo/can_move_server\n'}
[7.555295] (custom_srv_demo) StdoutLine: {'line': b'-- Set runtime path of "/home/robotics/colcon_ws/install/custom_srv_demo/lib/custom_srv_demo/can_move_server" to ""\n'}
[7.555365] (custom_srv_demo) StdoutLine: {'line': b'-- Installing: /home/robotics/colcon_ws/install/custom_srv_demo/lib/custom_srv_demo/can_move_client\n'}
[7.555851] (custom_srv_demo) StdoutLine: {'line': b'-- Set runtime path of "/home/robotics/colcon_ws/install/custom_srv_demo/lib/custom_srv_demo/can_move_client" to ""\n'}
[7.556205] (custom_srv_demo) StdoutLine: {'line': b'-- Installing: /home/robotics/colcon_ws/install/custom_srv_demo/share/ament_index/resource_index/package_run_dependencies/custom_srv_demo\n'}
[7.556630] (custom_srv_demo) StdoutLine: {'line': b'-- Installing: /home/robotics/colcon_ws/install/custom_srv_demo/share/ament_index/resource_index/parent_prefix_path/custom_srv_demo\n'}
[7.556872] (custom_srv_demo) StdoutLine: {'line': b'-- Installing: /home/robotics/colcon_ws/install/custom_srv_demo/share/custom_srv_demo/environment/ament_prefix_path.sh\n'}
[7.556996] (custom_srv_demo) StdoutLine: {'line': b'-- Installing: /home/robotics/colcon_ws/install/custom_srv_demo/share/custom_srv_demo/environment/ament_prefix_path.dsv\n'}
[7.557195] (custom_srv_demo) StdoutLine: {'line': b'-- Installing: /home/robotics/colcon_ws/install/custom_srv_demo/share/custom_srv_demo/environment/path.sh\n'}
[7.557459] (custom_srv_demo) StdoutLine: {'line': b'-- Installing: /home/robotics/colcon_ws/install/custom_srv_demo/share/custom_srv_demo/environment/path.dsv\n'}
[7.557559] (custom_srv_demo) StdoutLine: {'line': b'-- Installing: /home/robotics/colcon_ws/install/custom_srv_demo/share/custom_srv_demo/local_setup.bash\n'}
[7.557641] (custom_srv_demo) StdoutLine: {'line': b'-- Installing: /home/robotics/colcon_ws/install/custom_srv_demo/share/custom_srv_demo/local_setup.sh\n'}
[7.557862] (custom_srv_demo) StdoutLine: {'line': b'-- Installing: /home/robotics/colcon_ws/install/custom_srv_demo/share/custom_srv_demo/local_setup.zsh\n'}
[7.557939] (custom_srv_demo) StdoutLine: {'line': b'-- Installing: /home/robotics/colcon_ws/install/custom_srv_demo/share/custom_srv_demo/local_setup.dsv\n'}
[7.557976] (custom_srv_demo) StdoutLine: {'line': b'-- Installing: /home/robotics/colcon_ws/install/custom_srv_demo/share/custom_srv_demo/package.dsv\n'}
[7.558404] (custom_srv_demo) StdoutLine: {'line': b'-- Installing: /home/robotics/colcon_ws/install/custom_srv_demo/share/ament_index/resource_index/packages/custom_srv_demo\n'}
[7.558786] (custom_srv_demo) StdoutLine: {'line': b'-- Installing: /home/robotics/colcon_ws/install/custom_srv_demo/share/custom_srv_demo/cmake/export_custom_srv_demo__rosidl_generator_cExport.cmake\n'}
[7.559017] (custom_srv_demo) StdoutLine: {'line': b'-- Installing: /home/robotics/colcon_ws/install/custom_srv_demo/share/custom_srv_demo/cmake/export_custom_srv_demo__rosidl_generator_cExport-noconfig.cmake\n'}
[7.559120] (custom_srv_demo) StdoutLine: {'line': b'-- Installing: /home/robotics/colcon_ws/install/custom_srv_demo/share/custom_srv_demo/cmake/export_custom_srv_demo__rosidl_typesupport_fastrtps_cExport.cmake\n'}
[7.559325] (custom_srv_demo) StdoutLine: {'line': b'-- Installing: /home/robotics/colcon_ws/install/custom_srv_demo/share/custom_srv_demo/cmake/export_custom_srv_demo__rosidl_typesupport_fastrtps_cExport-noconfig.cmake\n'}
[7.559644] (custom_srv_demo) StdoutLine: {'line': b'-- Installing: /home/robotics/colcon_ws/install/custom_srv_demo/share/custom_srv_demo/cmake/export_custom_srv_demo__rosidl_generator_cppExport.cmake\n'}
[7.559916] (custom_srv_demo) StdoutLine: {'line': b'-- Installing: /home/robotics/colcon_ws/install/custom_srv_demo/share/custom_srv_demo/cmake/export_custom_srv_demo__rosidl_typesupport_fastrtps_cppExport.cmake\n'}
[7.559992] (custom_srv_demo) StdoutLine: {'line': b'-- Installing: /home/robotics/colcon_ws/install/custom_srv_demo/share/custom_srv_demo/cmake/export_custom_srv_demo__rosidl_typesupport_fastrtps_cppExport-noconfig.cmake\n'}
[7.560043] (custom_srv_demo) StdoutLine: {'line': b'-- Installing: /home/robotics/colcon_ws/install/custom_srv_demo/share/custom_srv_demo/cmake/custom_srv_demo__rosidl_typesupport_introspection_cExport.cmake\n'}
[7.560240] (custom_srv_demo) StdoutLine: {'line': b'-- Installing: /home/robotics/colcon_ws/install/custom_srv_demo/share/custom_srv_demo/cmake/custom_srv_demo__rosidl_typesupport_introspection_cExport-noconfig.cmake\n'}
[7.560443] (custom_srv_demo) StdoutLine: {'line': b'-- Installing: /home/robotics/colcon_ws/install/custom_srv_demo/share/custom_srv_demo/cmake/custom_srv_demo__rosidl_typesupport_cExport.cmake\n'}
[7.560523] (custom_srv_demo) StdoutLine: {'line': b'-- Installing: /home/robotics/colcon_ws/install/custom_srv_demo/share/custom_srv_demo/cmake/custom_srv_demo__rosidl_typesupport_cExport-noconfig.cmake\n'}
[7.560631] (custom_srv_demo) StdoutLine: {'line': b'-- Installing: /home/robotics/colcon_ws/install/custom_srv_demo/share/custom_srv_demo/cmake/custom_srv_demo__rosidl_typesupport_introspection_cppExport.cmake\n'}
[7.560790] (custom_srv_demo) StdoutLine: {'line': b'-- Installing: /home/robotics/colcon_ws/install/custom_srv_demo/share/custom_srv_demo/cmake/custom_srv_demo__rosidl_typesupport_introspection_cppExport-noconfig.cmake\n'}
[7.560920] (custom_srv_demo) StdoutLine: {'line': b'-- Installing: /home/robotics/colcon_ws/install/custom_srv_demo/share/custom_srv_demo/cmake/custom_srv_demo__rosidl_typesupport_cppExport.cmake\n'}
[7.561101] (custom_srv_demo) StdoutLine: {'line': b'-- Installing: /home/robotics/colcon_ws/install/custom_srv_demo/share/custom_srv_demo/cmake/custom_srv_demo__rosidl_typesupport_cppExport-noconfig.cmake\n'}
[7.561253] (custom_srv_demo) StdoutLine: {'line': b'-- Installing: /home/robotics/colcon_ws/install/custom_srv_demo/share/custom_srv_demo/cmake/export_custom_srv_demo__rosidl_generator_pyExport.cmake\n'}
[7.561444] (custom_srv_demo) StdoutLine: {'line': b'-- Installing: /home/robotics/colcon_ws/install/custom_srv_demo/share/custom_srv_demo/cmake/export_custom_srv_demo__rosidl_generator_pyExport-noconfig.cmake\n'}
[7.561579] (custom_srv_demo) StdoutLine: {'line': b'-- Installing: /home/robotics/colcon_ws/install/custom_srv_demo/share/custom_srv_demo/cmake/rosidl_cmake-extras.cmake\n'}
[7.561856] (custom_srv_demo) StdoutLine: {'line': b'-- Installing: /home/robotics/colcon_ws/install/custom_srv_demo/share/custom_srv_demo/cmake/ament_cmake_export_include_directories-extras.cmake\n'}
[7.562079] (custom_srv_demo) StdoutLine: {'line': b'-- Installing: /home/robotics/colcon_ws/install/custom_srv_demo/share/custom_srv_demo/cmake/ament_cmake_export_libraries-extras.cmake\n'}
[7.562128] (custom_srv_demo) StdoutLine: {'line': b'-- Installing: /home/robotics/colcon_ws/install/custom_srv_demo/share/custom_srv_demo/cmake/ament_cmake_export_targets-extras.cmake\n'}
[7.562267] (custom_srv_demo) StdoutLine: {'line': b'-- Installing: /home/robotics/colcon_ws/install/custom_srv_demo/share/custom_srv_demo/cmake/rosidl_cmake_export_typesupport_targets-extras.cmake\n'}
[7.562398] (custom_srv_demo) StdoutLine: {'line': b'-- Installing: /home/robotics/colcon_ws/install/custom_srv_demo/share/custom_srv_demo/cmake/ament_cmake_export_dependencies-extras.cmake\n'}
[7.562508] (custom_srv_demo) StdoutLine: {'line': b'-- Installing: /home/robotics/colcon_ws/install/custom_srv_demo/share/custom_srv_demo/cmake/rosidl_cmake_export_typesupport_libraries-extras.cmake\n'}
[7.562691] (custom_srv_demo) StdoutLine: {'line': b'-- Installing: /home/robotics/colcon_ws/install/custom_srv_demo/share/custom_srv_demo/cmake/custom_srv_demoConfig.cmake\n'}
[7.562893] (custom_srv_demo) StdoutLine: {'line': b'-- Installing: /home/robotics/colcon_ws/install/custom_srv_demo/share/custom_srv_demo/cmake/custom_srv_demoConfig-version.cmake\n'}
[7.562955] (custom_srv_demo) StdoutLine: {'line': b'-- Installing: /home/robotics/colcon_ws/install/custom_srv_demo/share/custom_srv_demo/package.xml\n'}
[7.565191] (custom_srv_demo) CommandEnded: {'returncode': 0}
[7.578115] (custom_srv_demo) JobEnded: {'identifier': 'custom_srv_demo', 'rc': 0}
[7.579757] (-) EventReactorShutdown: {}
